SNo,Date,Time,Country,RegionCode,RegionName,Latitude,Longitude,HospitalizedPatients,IntensiveCarePatients,TotalHospitalizedPatients,HomeConfinement,CurrentPositiveCases,NewPositiveCases,Recovered,Deaths,TotalPositiveCases,TestsPerformed
0,24-02-2020,18:00:00,ITA,13,Abruzzo,42.35122196,13.39843823,0,0,0,0,0,0,0,0,0,5
1,24-02-2020,18:00:00,ITA,17,Basilicata,40.63947052,15.80514834,0,0,0,0,0,0,0,0,0,0
2,24-02-2020,18:00:00,ITA,4,P.A. Bolzano,46.49933453,11.35662422,0,0,0,0,0,0,0,0,0,1
3,24-02-2020,18:00:00,ITA,18,Calabria,38.90597598,16.59440194,0,0,0,0,0,0,0,0,0,1
4,24-02-2020,18:00:00,ITA,15,Campania,40.83956555,14.25084984,0,0,0,0,0,0,0,0,0,10
5,24-02-2020,18:00:00,ITA,8,Emilia-Romagna,44.49436681,11.3417208,10,2,12,6,18,18,0,0,18,148
6,24-02-2020,18:00:00,ITA,6,Friuli Venezia Giulia,45.6494354,13.76813649,0,0,0,0,0,0,0,0,0,58
7,24-02-2020,18:00:00,ITA,12,Lazio,41.89277044,12.48366722,1,1,2,0,2,2,1,0,3,124
8,24-02-2020,18:00:00,ITA,7,Liguria,44.41149315,8.9326992,0,0,0,0,0,0,0,0,0,1
9,24-02-2020,18:00:00,ITA,3,Lombardia,45.46679409,9.190347404,76,19,95,71,166,166,0,6,172,1463
10,24-02-2020,18:00:00,ITA,11,Marche,43.61675973,13.5188753,0,0,0,0,0,0,0,0,0,16
11,24-02-2020,18:00:00,ITA,14,Molise,41.55774754,14.65916051,0,0,0,0,0,0,0,0,0,0
12,24-02-2020,18:00:00,ITA,1,Piemonte,45.0732745,7.680687483,2,0,2,1,3,3,0,0,3,141
13,24-02-2020,18:00:00,ITA,16,Puglia,41.12559576,16.86736689,0,0,0,0,0,0,0,0,0,0
14,24-02-2020,18:00:00,ITA,20,Sardegna,39.21531192,9.110616306,0,0,0,0,0,0,0,0,0,1
15,24-02-2020,18:00:00,ITA,19,Sicilia,38.11569725,13.3623567,0,0,0,0,0,0,0,0,0,5
16,24-02-2020,18:00:00,ITA,9,Toscana,43.76923077,11.25588885,0,0,0,0,0,0,0,0,0,140
17,24-02-2020,18:00:00,ITA,4,P.A. Trento,46.06893511,11.12123097,0,0,0,0,0,0,0,0,0,3
18,24-02-2020,18:00:00,ITA,10,Umbria,43.10675841,12.38824698,0,0,0,0,0,0,0,0,0,0
19,24-02-2020,18:00:00,ITA,2,Valle d'Aosta,45.73750286,7.320149366,0,0,0,0,0,0,0,0,0,7
20,24-02-2020,18:00:00,ITA,5,Veneto,45.43490485,12.33845213,12,4,16,16,32,32,0,1,33,2200
21,25-02-2020,18:00:00,ITA,13,Abruzzo,42.35122196,13.39843823,0,0,0,0,0,0,0,0,0,5
22,25-02-2020,18:00:00,ITA,17,Basilicata,40.63947052,15.80514834,0,0,0,0,0,0,0,0,0,0
23,25-02-2020,18:00:00,ITA,4,P.A. Bolzano,46.49933453,11.35662422,1,0,1,0,1,1,0,0,1,1
24,25-02-2020,18:00:00,ITA,18,Calabria,38.90597598,16.59440194,0,0,0,0,0,0,0,0,0,2
25,25-02-2020,18:00:00,ITA,15,Campania,40.83956555,14.25084984,0,0,0,0,0,0,0,0,0,10
26,25-02-2020,18:00:00,ITA,8,Emilia-Romagna,44.49436681,11.3417208,15,2,17,9,26,8,0,0,26,391
27,25-02-2020,18:00:00,ITA,6,Friuli Venezia Giulia,45.6494354,13.76813649,0,0,0,0,0,0,0,0,0,89
28,25-02-2020,18:00:00,ITA,12,Lazio,41.89277044,12.48366722,1,1,2,0,2,0,1,0,3,124
29,25-02-2020,18:00:00,ITA,7,Liguria,44.41149315,8.9326992,1,0,1,0,1,1,0,0,1,39
30,25-02-2020,18:00:00,ITA,3,Lombardia,45.46679409,9.190347404,79,25,104,127,231,68,0,9,240,3700
31,25-02-2020,18:00:00,ITA,11,Marche,43.61675973,13.5188753,0,0,0,0,0,0,0,0,0,21
32,25-02-2020,18:00:00,ITA,14,Molise,41.55774754,14.65916051,0,0,0,0,0,0,0,0,0,0
33,25-02-2020,18:00:00,ITA,1,Piemonte,45.0732745,7.680687483,2,0,2,1,3,0,0,0,3,141
34,25-02-2020,18:00:00,ITA,16,Puglia,41.12559576,16.86736689,0,0,0,0,0,0,0,0,0,0
35,25-02-2020,18:00:00,ITA,20,Sardegna,39.21531192,9.110616306,0,0,0,0,0,0,0,0,0,1
36,25-02-2020,18:00:00,ITA,19,Sicilia,38.11569725,13.3623567,1,0,1,2,3,3,0,0,3,5
37,25-02-2020,18:00:00,ITA,9,Toscana,43.76923077,11.25588885,2,0,2,0,2,2,0,0,2,296
38,25-02-2020,18:00:00,ITA,4,P.A. Trento,46.06893511,11.12123097,0,0,0,0,0,0,0,0,0,3
39,25-02-2020,18:00:00,ITA,10,Umbria,43.10675841,12.38824698,0,0,0,0,0,0,0,0,0,8
40,25-02-2020,18:00:00,ITA,2,Valle d'Aosta,45.73750286,7.320149366,0,0,0,0,0,0,0,0,0,7
41,25-02-2020,18:00:00,ITA,5,Veneto,45.43490485,12.33845213,12,7,19,23,42,10,0,1,43,3780
42,26-02-2020,18:00:00,ITA,13,Abruzzo,42.35122196,13.39843823,0,0,0,0,0,0,0,0,0,13
43,26-02-2020,18:00:00,ITA,17,Basilicata,40.63947052,15.80514834,0,0,0,0,0,0,0,0,0,0
44,26-02-2020,18:00:00,ITA,4,P.A. Bolzano,46.49933453,11.35662422,1,0,1,0,1,0,0,0,1,1
45,26-02-2020,18:00:00,ITA,18,Calabria,38.90597598,16.59440194,0,0,0,0,0,0,0,0,0,3
46,26-02-2020,18:00:00,ITA,15,Campania,40.83956555,14.25084984,0,0,0,0,0,0,0,0,0,10
47,26-02-2020,18:00:00,ITA,8,Emilia-Romagna,44.49436681,11.3417208,20,3,23,23,46,21,0,1,47,577
48,26-02-2020,18:00:00,ITA,6,Friuli Venezia Giulia,45.6494354,13.76813649,0,0,0,0,0,0,0,0,0,114
49,26-02-2020,18:00:00,ITA,12,Lazio,41.89277044,12.48366722,0,0,0,0,0,0,3,0,3,124
50,26-02-2020,18:00:00,ITA,7,Liguria,44.41149315,8.9326992,6,0,6,5,11,10,0,0,11,66
51,26-02-2020,18:00:00,ITA,3,Lombardia,45.46679409,9.190347404,79,25,104,145,249,18,0,9,258,3208
52,26-02-2020,18:00:00,ITA,11,Marche,43.61675973,13.5188753,1,0,1,0,1,1,0,0,1,28
53,26-02-2020,18:00:00,ITA,14,Molise,41.55774754,14.65916051,0,0,0,0,0,0,0,0,0,0
54,26-02-2020,18:00:00,ITA,1,Piemonte,45.0732745,7.680687483,2,0,2,1,3,0,0,0,3,156
55,26-02-2020,18:00:00,ITA,16,Puglia,41.12559576,16.86736689,0,0,0,0,0,0,0,0,0,0
56,26-02-2020,18:00:00,ITA,20,Sardegna,39.21531192,9.110616306,0,0,0,0,0,0,0,0,0,1
57,26-02-2020,18:00:00,ITA,19,Sicilia,38.11569725,13.3623567,1,0,1,2,3,0,0,0,3,5
58,26-02-2020,18:00:00,ITA,9,Toscana,43.76923077,11.25588885,2,0,2,0,2,0,0,0,2,363
59,26-02-2020,18:00:00,ITA,4,P.A. Trento,46.06893511,11.12123097,0,0,0,0,0,0,0,0,0,3
60,26-02-2020,18:00:00,ITA,10,Umbria,43.10675841,12.38824698,0,0,0,0,0,0,0,0,0,8
61,26-02-2020,18:00:00,ITA,2,Valle d'Aosta,45.73750286,7.320149366,0,0,0,0,0,0,0,0,0,7
62,26-02-2020,18:00:00,ITA,5,Veneto,45.43490485,12.33845213,16,8,24,45,69,28,0,2,71,4900
63,27-02-2020,18:00:00,ITA,13,Abruzzo,42.35122196,13.39843823,1,0,1,0,1,1,0,0,1,33
64,27-02-2020,18:00:00,ITA,17,Basilicata,40.63947052,15.80514834,0,0,0,0,0,0,0,0,0,0
65,27-02-2020,18:00:00,ITA,4,P.A. Bolzano,46.49933453,11.35662422,1,0,1,0,1,0,0,0,1,2
66,27-02-2020,18:00:00,ITA,18,Calabria,38.90597598,16.59440194,0,0,0,0,0,0,0,0,0,14
67,27-02-2020,18:00:00,ITA,15,Campania,40.83956555,14.25084984,2,0,2,1,3,3,0,0,3,10
68,27-02-2020,18:00:00,ITA,8,Emilia-Romagna,44.49436681,11.3417208,36,6,42,54,96,50,0,1,97,1033
69,27-02-2020,18:00:00,ITA,6,Friuli Venezia Giulia,45.6494354,13.76813649,0,0,0,0,0,0,0,0,0,141
70,27-02-2020,18:00:00,ITA,12,Lazio,41.89277044,12.48366722,0,0,0,0,0,0,3,0,3,552
71,27-02-2020,18:00:00,ITA,7,Liguria,44.41149315,8.9326992,9,0,9,10,19,8,0,0,19,78
72,27-02-2020,18:00:00,ITA,3,Lombardia,45.46679409,9.190347404,172,41,213,136,349,145,40,14,403,3320
73,27-02-2020,18:00:00,ITA,11,Marche,43.61675973,13.5188753,2,1,3,0,3,2,0,0,3,46
74,27-02-2020,18:00:00,ITA,14,Molise,41.55774754,14.65916051,0,0,0,0,0,0,0,0,0,0
75,27-02-2020,18:00:00,ITA,1,Piemonte,45.0732745,7.680687483,2,0,2,0,2,-1,0,0,2,156
76,27-02-2020,18:00:00,ITA,16,Puglia,41.12559576,16.86736689,1,0,1,0,1,1,0,0,1,0
77,27-02-2020,18:00:00,ITA,20,Sardegna,39.21531192,9.110616306,0,0,0,0,0,0,0,0,0,1
78,27-02-2020,18:00:00,ITA,19,Sicilia,38.11569725,13.3623567,1,0,1,1,2,1,2,0,4,5
79,27-02-2020,18:00:00,ITA,9,Toscana,43.76923077,11.25588885,2,0,2,0,2,0,0,0,2,410
80,27-02-2020,18:00:00,ITA,4,P.A. Trento,46.06893511,11.12123097,0,0,0,0,0,0,0,0,0,32
81,27-02-2020,18:00:00,ITA,10,Umbria,43.10675841,12.38824698,0,0,0,0,0,0,0,0,0,8
82,27-02-2020,18:00:00,ITA,2,Valle d'Aosta,45.73750286,7.320149366,0,0,0,0,0,0,0,0,0,9
83,27-02-2020,18:00:00,ITA,5,Veneto,45.43490485,12.33845213,19,8,27,82,109,40,0,2,111,6164
84,28-02-2020,18:00:00,ITA,13,Abruzzo,42.35122196,13.39843823,1,0,1,0,1,0,0,0,1,33
85,28-02-2020,18:00:00,ITA,17,Basilicata,40.63947052,15.80514834,0,0,0,0,0,0,0,0,0,0
86,28-02-2020,18:00:00,ITA,4,P.A. Bolzano,46.49933453,11.35662422,1,0,1,0,1,0,0,0,1,2
87,28-02-2020,18:00:00,ITA,18,Calabria,38.90597598,16.59440194,0,0,0,1,1,1,0,0,1,21
88,28-02-2020,18:00:00,ITA,15,Campania,40.83956555,14.25084984,2,0,2,2,4,1,0,0,4,213
89,28-02-2020,18:00:00,ITA,8,Emilia-Romagna,44.49436681,11.3417208,56,6,62,81,143,48,0,2,145,1277
90,28-02-2020,18:00:00,ITA,6,Friuli Venezia Giulia,45.6494354,13.76813649,0,0,0,0,0,0,0,0,0,169
91,28-02-2020,18:00:00,ITA,12,Lazio,41.89277044,12.48366722,0,0,0,0,0,0,3,0,3,611
92,28-02-2020,18:00:00,ITA,7,Liguria,44.41149315,8.9326992,9,0,9,10,19,0,0,0,19,112
93,28-02-2020,18:00:00,ITA,3,Lombardia,45.46679409,9.190347404,235,47,282,192,474,128,40,17,531,4835
94,28-02-2020,18:00:00,ITA,11,Marche,43.61675973,13.5188753,3,2,5,1,6,3,0,0,6,47
95,28-02-2020,18:00:00,ITA,14,Molise,41.55774754,14.65916051,0,0,0,0,0,0,0,0,0,0
96,28-02-2020,18:00:00,ITA,1,Piemonte,45.0732745,7.680687483,7,0,7,4,11,9,0,0,11,227
97,28-02-2020,18:00:00,ITA,16,Puglia,41.12559576,16.86736689,1,0,1,2,3,2,0,0,3,242
98,28-02-2020,18:00:00,ITA,20,Sardegna,39.21531192,9.110616306,0,0,0,0,0,0,0,0,0,1
99,28-02-2020,18:00:00,ITA,19,Sicilia,38.11569725,13.3623567,1,0,1,1,2,0,2,0,4,5
100,28-02-2020,18:00:00,ITA,9,Toscana,43.76923077,11.25588885,5,0,5,2,7,6,1,0,8,437
101,28-02-2020,18:00:00,ITA,4,P.A. Trento,46.06893511,11.12123097,0,0,0,0,0,0,0,0,0,32
102,28-02-2020,18:00:00,ITA,10,Umbria,43.10675841,12.38824698,0,0,0,0,0,0,0,0,0,8
103,28-02-2020,18:00:00,ITA,2,Valle d'Aosta,45.73750286,7.320149366,0,0,0,0,0,0,0,0,0,9
104,28-02-2020,18:00:00,ITA,5,Veneto,45.43490485,12.33845213,24,9,33,116,149,40,0,2,151,7414
105,29-02-2020,17:00:00,ITA,13,Abruzzo,42.35122196,13.39843823,2,0,2,0,2,1,0,0,2,43
106,29-02-2020,17:00:00,ITA,17,Basilicata,40.63947052,15.80514834,0,0,0,0,0,0,0,0,0,32
107,29-02-2020,17:00:00,ITA,4,P.A. Bolzano,46.49933453,11.35662422,1,0,1,0,1,0,0,0,1,16
108,29-02-2020,17:00:00,ITA,18,Calabria,38.90597598,16.59440194,0,0,0,1,1,0,0,0,1,27
109,29-02-2020,17:00:00,ITA,15,Campania,40.83956555,14.25084984,3,0,3,10,13,9,0,0,13,373
110,29-02-2020,17:00:00,ITA,8,Emilia-Romagna,44.49436681,11.3417208,86,11,97,116,213,72,0,4,217,1550
111,29-02-2020,17:00:00,ITA,6,Friuli Venezia Giulia,45.6494354,13.76813649,0,0,0,0,0,0,0,0,0,189
112,29-02-2020,17:00:00,ITA,12,Lazio,41.89277044,12.48366722,3,0,3,0,3,3,3,0,6,679
113,29-02-2020,17:00:00,ITA,7,Liguria,44.41149315,8.9326992,4,1,5,33,38,23,4,0,42,121
114,29-02-2020,17:00:00,ITA,3,Lombardia,45.46679409,9.190347404,256,80,336,216,552,84,40,23,615,5723
115,29-02-2020,17:00:00,ITA,11,Marche,43.61675973,13.5188753,6,2,8,3,11,5,0,0,11,68
116,29-02-2020,17:00:00,ITA,14,Molise,41.55774754,14.65916051,0,0,0,0,0,0,0,0,0,0
117,29-02-2020,17:00:00,ITA,1,Piemonte,45.0732745,7.680687483,7,0,7,4,11,0,0,0,11,308
118,29-02-2020,17:00:00,ITA,16,Puglia,41.12559576,16.86736689,1,0,1,2,3,0,0,0,3,252
119,29-02-2020,17:00:00,ITA,20,Sardegna,39.21531192,9.110616306,0,0,0,0,0,0,0,0,0,1
120,29-02-2020,17:00:00,ITA,19,Sicilia,38.11569725,13.3623567,1,0,1,1,2,0,2,0,4,6
121,29-02-2020,17:00:00,ITA,9,Toscana,43.76923077,11.25588885,7,0,7,3,10,3,1,0,11,531
122,29-02-2020,17:00:00,ITA,4,P.A. Trento,46.06893511,11.12123097,0,0,0,0,0,0,0,0,0,43
123,29-02-2020,17:00:00,ITA,10,Umbria,43.10675841,12.38824698,0,0,0,0,0,0,0,0,0,31
124,29-02-2020,17:00:00,ITA,2,Valle d'Aosta,45.73750286,7.320149366,0,0,0,0,0,0,0,0,0,9
125,29-02-2020,17:00:00,ITA,5,Veneto,45.43490485,12.33845213,24,11,35,154,189,40,0,2,191,8659
126,01-03-2020,17:00:00,ITA,13,Abruzzo,42.35122196,13.39843823,3,0,3,2,5,3,0,0,5,52
127,01-03-2020,17:00:00,ITA,17,Basilicata,40.63947052,15.80514834,0,0,0,0,0,0,0,0,0,39
128,01-03-2020,17:00:00,ITA,4,P.A. Bolzano,46.49933453,11.35662422,1,0,1,0,1,0,0,0,1,20
129,01-03-2020,17:00:00,ITA,18,Calabria,38.90597598,16.59440194,0,0,0,1,1,0,0,0,1,35
130,01-03-2020,17:00:00,ITA,15,Campania,40.83956555,14.25084984,4,0,4,13,17,4,0,0,17,373
131,01-03-2020,17:00:00,ITA,8,Emilia-Romagna,44.49436681,11.3417208,127,13,140,137,277,68,0,8,285,1795
132,01-03-2020,17:00:00,ITA,6,Friuli Venezia Giulia,45.6494354,13.76813649,0,0,0,6,6,6,0,0,6,243
133,01-03-2020,17:00:00,ITA,12,Lazio,41.89277044,12.48366722,3,0,3,0,3,0,3,0,6,724
134,01-03-2020,17:00:00,ITA,7,Liguria,44.41149315,8.9326992,12,1,13,8,21,-17,4,0,25,121
135,01-03-2020,17:00:00,ITA,3,Lombardia,45.46679409,9.190347404,406,106,512,375,887,369,73,24,984,6879
136,01-03-2020,17:00:00,ITA,11,Marche,43.61675973,13.5188753,12,5,17,8,25,14,0,0,25,101
137,01-03-2020,17:00:00,ITA,14,Molise,41.55774754,14.65916051,0,0,0,0,0,0,0,0,0,6
138,01-03-2020,17:00:00,ITA,1,Piemonte,45.0732745,7.680687483,11,2,13,36,49,38,0,0,49,362
139,01-03-2020,17:00:00,ITA,16,Puglia,41.12559576,16.86736689,1,0,1,2,3,0,0,0,3,262
140,01-03-2020,17:00:00,ITA,20,Sardegna,39.21531192,9.110616306,0,0,0,0,0,0,0,0,0,29
141,01-03-2020,17:00:00,ITA,19,Sicilia,38.11569725,13.3623567,1,0,1,6,7,5,2,0,9,291
142,01-03-2020,17:00:00,ITA,9,Toscana,43.76923077,11.25588885,7,0,7,5,12,2,1,0,13,572
143,01-03-2020,17:00:00,ITA,4,P.A. Trento,46.06893511,11.12123097,0,0,0,0,0,0,0,0,0,122
144,01-03-2020,17:00:00,ITA,10,Umbria,43.10675841,12.38824698,0,0,0,2,2,2,0,0,2,35
145,01-03-2020,17:00:00,ITA,2,Valle d'Aosta,45.73750286,7.320149366,0,0,0,0,0,0,0,0,0,10
146,01-03-2020,17:00:00,ITA,5,Veneto,45.43490485,12.33845213,51,13,64,197,261,72,0,2,263,9056
147,02-03-2020,18:00:00,ITA,13,Abruzzo,42.35122196,13.39843823,3,0,3,2,5,0,0,0,5,52
148,02-03-2020,18:00:00,ITA,17,Basilicata,40.63947052,15.80514834,0,0,0,0,0,0,0,0,0,39
149,02-03-2020,18:00:00,ITA,4,P.A. Bolzano,46.49933453,11.35662422,1,0,1,0,1,0,0,0,1,20
150,02-03-2020,18:00:00,ITA,18,Calabria,38.90597598,16.59440194,0,0,0,1,1,0,0,0,1,39
151,02-03-2020,18:00:00,ITA,15,Campania,40.83956555,14.25084984,4,0,4,13,17,0,0,0,17,373
152,02-03-2020,18:00:00,ITA,8,Emilia-Romagna,44.49436681,11.3417208,148,16,164,160,324,50,0,11,335,1973
153,02-03-2020,18:00:00,ITA,6,Friuli Venezia Giulia,45.6494354,13.76813649,0,0,0,9,9,3,0,0,9,269
154,02-03-2020,18:00:00,ITA,12,Lazio,41.89277044,12.48366722,3,0,3,1,4,1,3,0,7,773
155,02-03-2020,18:00:00,ITA,7,Liguria,44.41149315,8.9326992,12,1,13,5,18,-3,4,0,22,121
156,02-03-2020,18:00:00,ITA,3,Lombardia,45.46679409,9.190347404,478,127,605,472,1077,270,139,38,1254,7925
157,02-03-2020,18:00:00,ITA,11,Marche,43.61675973,13.5188753,17,6,23,11,34,10,0,1,35,137
158,02-03-2020,18:00:00,ITA,14,Molise,41.55774754,14.65916051,0,0,0,0,0,0,0,0,0,13
159,02-03-2020,18:00:00,ITA,1,Piemonte,45.0732745,7.680687483,12,2,14,37,51,2,0,0,51,434
160,02-03-2020,18:00:00,ITA,16,Puglia,41.12559576,16.86736689,2,0,2,2,4,1,0,0,4,278
161,02-03-2020,18:00:00,ITA,20,Sardegna,39.21531192,9.110616306,0,0,0,0,0,0,0,0,0,29
162,02-03-2020,18:00:00,ITA,19,Sicilia,38.11569725,13.3623567,2,0,2,3,5,-2,2,0,7,307
163,02-03-2020,18:00:00,ITA,9,Toscana,43.76923077,11.25588885,7,0,7,5,12,0,1,0,13,613
164,02-03-2020,18:00:00,ITA,4,P.A. Trento,46.06893511,11.12123097,0,0,0,0,0,0,0,0,0,122
165,02-03-2020,18:00:00,ITA,10,Umbria,43.10675841,12.38824698,0,0,0,2,2,0,0,0,2,35
166,02-03-2020,18:00:00,ITA,2,Valle d'Aosta,45.73750286,7.320149366,0,0,0,0,0,0,0,0,0,11
167,02-03-2020,18:00:00,ITA,5,Veneto,45.43490485,12.33845213,53,14,67,204,271,10,0,2,273,9782
168,03-03-2020,18:00:00,ITA,13,Abruzzo,42.35122196,13.39843823,5,0,5,1,6,1,0,0,6,52
169,03-03-2020,18:00:00,ITA,17,Basilicata,40.63947052,15.80514834,0,0,0,1,1,1,0,0,1,42
170,03-03-2020,18:00:00,ITA,4,P.A. Bolzano,46.49933453,11.35662422,1,0,1,0,1,0,0,0,1,20
171,03-03-2020,18:00:00,ITA,18,Calabria,38.90597598,16.59440194,0,0,0,1,1,0,0,0,1,39
172,03-03-2020,18:00:00,ITA,15,Campania,40.83956555,14.25084984,11,0,11,19,30,13,0,0,30,405
173,03-03-2020,18:00:00,ITA,8,Emilia-Romagna,44.49436681,11.3417208,187,24,211,187,398,85,4,18,420,2012
174,03-03-2020,18:00:00,ITA,6,Friuli Venezia Giulia,45.6494354,13.76813649,1,0,1,12,13,4,0,0,13,354
175,03-03-2020,18:00:00,ITA,12,Lazio,41.89277044,12.48366722,10,0,10,1,11,7,3,0,14,877
176,03-03-2020,18:00:00,ITA,7,Liguria,44.41149315,8.9326992,12,2,14,5,19,2,4,1,24,121
177,03-03-2020,18:00:00,ITA,3,Lombardia,45.46679409,9.190347404,698,167,865,461,1326,266,139,55,1520,9577
178,03-03-2020,18:00:00,ITA,11,Marche,43.61675973,13.5188753,27,13,40,19,59,26,0,2,61,200
179,03-03-2020,18:00:00,ITA,14,Molise,41.55774754,14.65916051,3,0,3,0,3,3,0,0,3,13
180,03-03-2020,18:00:00,ITA,1,Piemonte,45.0732745,7.680687483,13,3,16,40,56,5,0,0,56,458
181,03-03-2020,18:00:00,ITA,16,Puglia,41.12559576,16.86736689,2,0,2,4,6,2,0,0,6,298
182,03-03-2020,18:00:00,ITA,20,Sardegna,39.21531192,9.110616306,1,0,1,0,1,1,0,0,1,29
183,03-03-2020,18:00:00,ITA,19,Sicilia,38.11569725,13.3623567,2,0,2,3,5,0,2,0,7,307
184,03-03-2020,18:00:00,ITA,9,Toscana,43.76923077,11.25588885,10,0,10,8,18,6,1,0,19,697
185,03-03-2020,18:00:00,ITA,4,P.A. Trento,46.06893511,11.12123097,1,0,1,3,4,4,0,0,4,122
186,03-03-2020,18:00:00,ITA,10,Umbria,43.10675841,12.38824698,1,1,2,6,8,6,0,0,8,45
187,03-03-2020,18:00:00,ITA,2,Valle d'Aosta,45.73750286,7.320149366,0,0,0,0,0,0,0,0,0,12
188,03-03-2020,18:00:00,ITA,5,Veneto,45.43490485,12.33845213,49,19,68,229,297,34,7,3,307,10176
189,04-03-2020,17:00:00,ITA,13,Abruzzo,42.35122196,13.39843823,7,0,7,0,7,1,0,0,7,85
190,04-03-2020,17:00:00,ITA,17,Basilicata,40.63947052,15.80514834,0,0,0,1,1,0,0,0,1,48
191,04-03-2020,17:00:00,ITA,4,P.A. Bolzano,46.49933453,11.35662422,1,0,1,0,1,0,0,0,1,20
192,04-03-2020,17:00:00,ITA,18,Calabria,38.90597598,16.59440194,0,0,0,1,1,0,0,0,1,46
193,04-03-2020,17:00:00,ITA,15,Campania,40.83956555,14.25084984,11,0,11,20,31,1,0,0,31,429
194,04-03-2020,17:00:00,ITA,8,Emilia-Romagna,44.49436681,11.3417208,256,26,282,234,516,124,6,22,544,2500
195,04-03-2020,17:00:00,ITA,6,Friuli Venezia Giulia,45.6494354,13.76813649,3,0,3,15,18,5,0,0,18,376
196,04-03-2020,17:00:00,ITA,12,Lazio,41.89277044,12.48366722,15,3,18,9,27,16,3,0,30,995
197,04-03-2020,17:00:00,ITA,7,Liguria,44.41149315,8.9326992,10,3,13,8,21,2,4,1,26,133
198,04-03-2020,17:00:00,ITA,3,Lombardia,45.46679409,9.190347404,877,209,1086,411,1497,300,250,73,1820,12138
199,04-03-2020,17:00:00,ITA,11,Marche,43.61675973,13.5188753,34,15,49,31,80,23,0,4,84,288
200,04-03-2020,17:00:00,ITA,14,Molise,41.55774754,14.65916051,3,0,3,0,3,0,0,0,3,19
201,04-03-2020,17:00:00,ITA,1,Piemonte,45.0732745,7.680687483,26,13,39,43,82,26,0,0,82,543
202,04-03-2020,17:00:00,ITA,16,Puglia,41.12559576,16.86736689,4,0,4,3,7,3,1,1,9,322
203,04-03-2020,17:00:00,ITA,20,Sardegna,39.21531192,9.110616306,1,0,1,1,2,1,0,0,2,42
204,04-03-2020,17:00:00,ITA,19,Sicilia,38.11569725,13.3623567,5,0,5,11,16,11,2,0,18,367
205,04-03-2020,17:00:00,ITA,9,Toscana,43.76923077,11.25588885,15,2,17,20,37,19,1,0,38,776
206,04-03-2020,17:00:00,ITA,4,P.A. Trento,46.06893511,11.12123097,1,0,1,4,5,1,0,0,5,122
207,04-03-2020,17:00:00,ITA,10,Umbria,43.10675841,12.38824698,1,1,2,7,9,1,0,0,9,58
208,04-03-2020,17:00:00,ITA,2,Valle d'Aosta,45.73750286,7.320149366,0,0,0,0,0,0,0,0,0,15
209,04-03-2020,17:00:00,ITA,5,Veneto,45.43490485,12.33845213,76,23,99,246,345,53,9,6,360,10515
210,05-03-2020,17:00:00,ITA,13,Abruzzo,42.35122196,13.39843823,8,0,8,0,8,1,0,0,8,96
211,05-03-2020,17:00:00,ITA,17,Basilicata,40.63947052,15.80514834,0,0,0,1,1,0,0,0,1,54
212,05-03-2020,17:00:00,ITA,4,P.A. Bolzano,46.49933453,11.35662422,1,0,1,0,1,0,0,0,1,20
213,05-03-2020,17:00:00,ITA,18,Calabria,38.90597598,16.59440194,1,0,1,1,2,1,0,0,2,53
214,05-03-2020,17:00:00,ITA,15,Campania,40.83956555,14.25084984,12,0,12,33,45,14,0,0,45,471
215,05-03-2020,17:00:00,ITA,8,Emilia-Romagna,44.49436681,11.3417208,327,32,359,299,658,154,10,30,698,2884
216,05-03-2020,17:00:00,ITA,6,Friuli Venezia Giulia,45.6494354,13.76813649,4,0,4,17,21,3,0,0,21,397
217,05-03-2020,17:00:00,ITA,12,Lazio,41.89277044,12.48366722,20,7,27,14,41,14,3,0,44,1175
218,05-03-2020,17:00:00,ITA,7,Liguria,44.41149315,8.9326992,11,3,14,7,21,2,4,3,28,146
219,05-03-2020,17:00:00,ITA,3,Lombardia,45.46679409,9.190347404,1169,244,1413,364,1777,431,376,98,2251,12354
220,05-03-2020,17:00:00,ITA,11,Marche,43.61675973,13.5188753,57,19,76,44,120,40,0,4,124,413
221,05-03-2020,17:00:00,ITA,14,Molise,41.55774754,14.65916051,4,0,4,3,7,4,0,0,7,24
222,05-03-2020,17:00:00,ITA,1,Piemonte,45.0732745,7.680687483,43,17,60,46,106,26,0,2,108,543
223,05-03-2020,17:00:00,ITA,16,Puglia,41.12559576,16.86736689,5,1,6,6,12,5,1,1,14,359
224,05-03-2020,17:00:00,ITA,20,Sardegna,39.21531192,9.110616306,2,0,2,0,2,0,0,0,2,50
225,05-03-2020,17:00:00,ITA,19,Sicilia,38.11569725,13.3623567,5,0,5,11,16,0,2,0,18,367
226,05-03-2020,17:00:00,ITA,9,Toscana,43.76923077,11.25588885,26,3,29,31,60,23,1,0,61,776
227,05-03-2020,17:00:00,ITA,4,P.A. Trento,46.06893511,11.12123097,2,0,2,5,7,2,0,0,7,122
228,05-03-2020,17:00:00,ITA,10,Umbria,43.10675841,12.38824698,1,1,2,7,9,0,0,0,9,88
229,05-03-2020,17:00:00,ITA,2,Valle d'Aosta,45.73750286,7.320149366,0,0,0,2,2,2,0,0,2,21
230,05-03-2020,17:00:00,ITA,5,Veneto,45.43490485,12.33845213,92,24,116,264,380,47,17,10,407,11949
231,06-03-2020,17:00:00,ITA,13,Abruzzo,42.35122196,13.39843823,9,0,9,0,9,1,0,0,9,96
232,06-03-2020,17:00:00,ITA,17,Basilicata,40.63947052,15.80514834,1,0,1,2,3,2,0,0,3,63
233,06-03-2020,17:00:00,ITA,4,P.A. Bolzano,46.49933453,11.35662422,4,0,4,0,4,3,0,0,4,36
234,06-03-2020,17:00:00,ITA,18,Calabria,38.90597598,16.59440194,2,0,2,2,4,2,0,0,4,99
235,06-03-2020,17:00:00,ITA,15,Campania,40.83956555,14.25084984,12,0,12,45,57,12,0,0,57,471
236,06-03-2020,17:00:00,ITA,8,Emilia-Romagna,44.49436681,11.3417208,397,53,450,366,816,172,17,37,870,3136
237,06-03-2020,17:00:00,ITA,6,Friuli Venezia Giulia,45.6494354,13.76813649,4,0,4,24,28,10,3,0,31,577
238,06-03-2020,17:00:00,ITA,12,Lazio,41.89277044,12.48366722,26,8,34,16,50,10,3,1,54,1373
239,06-03-2020,17:00:00,ITA,7,Liguria,44.41149315,8.9326992,12,5,17,7,24,4,5,3,32,229
240,06-03-2020,17:00:00,ITA,3,Lombardia,45.46679409,9.190347404,1622,309,1931,77,2008,361,469,135,2612,13556
241,06-03-2020,17:00:00,ITA,11,Marche,43.61675973,13.5188753,73,20,93,62,155,35,0,4,159,585
242,06-03-2020,17:00:00,ITA,14,Molise,41.55774754,14.65916051,3,2,5,7,12,5,0,0,12,104
243,06-03-2020,17:00:00,ITA,1,Piemonte,45.0732745,7.680687483,57,30,87,52,139,35,0,4,143,793
244,06-03-2020,17:00:00,ITA,16,Puglia,41.12559576,16.86736689,5,1,6,9,15,3,1,1,17,395
245,06-03-2020,17:00:00,ITA,20,Sardegna,39.21531192,9.110616306,2,0,2,3,5,3,0,0,5,99
246,06-03-2020,17:00:00,ITA,19,Sicilia,38.11569725,13.3623567,7,0,7,15,22,6,2,0,24,367
247,06-03-2020,17:00:00,ITA,9,Toscana,43.76923077,11.25588885,35,5,40,38,78,18,1,0,79,1097
248,06-03-2020,17:00:00,ITA,4,P.A. Trento,46.06893511,11.12123097,4,0,4,6,10,3,0,0,10,122
249,06-03-2020,17:00:00,ITA,10,Umbria,43.10675841,12.38824698,2,2,4,12,16,7,0,0,16,110
250,06-03-2020,17:00:00,ITA,2,Valle d'Aosta,45.73750286,7.320149366,0,0,0,7,7,5,0,0,7,28
251,06-03-2020,17:00:00,ITA,5,Veneto,45.43490485,12.33845213,117,27,144,310,454,81,22,12,488,13023
252,07-03-2020,18:00:00,ITA,13,Abruzzo,42.35122196,13.39843823,11,0,11,0,11,2,0,0,11,123
253,07-03-2020,18:00:00,ITA,17,Basilicata,40.63947052,15.80514834,1,0,1,2,3,0,0,0,3,75
254,07-03-2020,18:00:00,ITA,4,P.A. Bolzano,46.49933453,11.35662422,8,0,8,1,9,5,0,0,9,36
255,07-03-2020,18:00:00,ITA,18,Calabria,38.90597598,16.59440194,2,0,2,2,4,0,0,0,4,113
256,07-03-2020,18:00:00,ITA,15,Campania,40.83956555,14.25084984,16,0,16,45,61,4,0,0,61,612
257,07-03-2020,18:00:00,ITA,8,Emilia-Romagna,44.49436681,11.3417208,464,64,528,409,937,140,25,48,1010,3604
258,07-03-2020,18:00:00,ITA,6,Friuli Venezia Giulia,45.6494354,13.76813649,7,1,8,31,39,11,3,0,42,577
259,07-03-2020,18:00:00,ITA,12,Lazio,41.89277044,12.48366722,43,8,51,21,72,22,3,1,76,1582
260,07-03-2020,18:00:00,ITA,7,Liguria,44.41149315,8.9326992,26,6,32,10,42,19,5,4,51,331
261,07-03-2020,18:00:00,ITA,3,Lombardia,45.46679409,9.190347404,1661,359,2020,722,2742,808,524,154,3420,15778
262,07-03-2020,18:00:00,ITA,11,Marche,43.61675973,13.5188753,94,36,130,71,201,48,0,6,207,816
263,07-03-2020,18:00:00,ITA,14,Molise,41.55774754,14.65916051,3,2,5,9,14,2,0,0,14,112
264,07-03-2020,18:00:00,ITA,1,Piemonte,45.0732745,7.680687483,110,38,148,54,202,64,0,5,207,1046
265,07-03-2020,18:00:00,ITA,16,Puglia,41.12559576,16.86736689,9,2,11,12,23,9,1,2,26,395
266,07-03-2020,18:00:00,ITA,20,Sardegna,39.21531192,9.110616306,2,0,2,3,5,0,0,0,5,99
267,07-03-2020,18:00:00,ITA,19,Sicilia,38.11569725,13.3623567,8,0,8,25,33,11,2,0,35,643
268,07-03-2020,18:00:00,ITA,9,Toscana,43.76923077,11.25588885,54,7,61,51,112,34,1,0,113,1331
269,07-03-2020,18:00:00,ITA,4,P.A. Trento,46.06893511,11.12123097,6,1,7,7,14,4,0,0,14,194
270,07-03-2020,18:00:00,ITA,10,Umbria,43.10675841,12.38824698,2,2,4,20,24,8,0,0,24,134
271,07-03-2020,18:00:00,ITA,2,Valle d'Aosta,45.73750286,7.320149366,1,0,1,7,8,1,0,0,8,32
272,07-03-2020,18:00:00,ITA,5,Veneto,45.43490485,12.33845213,123,41,164,341,505,55,25,13,543,14429
273,08-03-2020,18:00:00,ITA,13,Abruzzo,42.35122196,13.39843823,14,0,14,3,17,6,0,0,17,163
274,08-03-2020,18:00:00,ITA,17,Basilicata,40.63947052,15.80514834,2,0,2,2,4,1,0,0,4,123
275,08-03-2020,18:00:00,ITA,4,P.A. Bolzano,46.49933453,11.35662422,8,0,8,1,9,0,0,0,9,36
276,08-03-2020,18:00:00,ITA,18,Calabria,38.90597598,16.59440194,5,0,5,4,9,5,0,0,9,113
277,08-03-2020,18:00:00,ITA,15,Campania,40.83956555,14.25084984,30,7,37,63,100,40,1,0,101,980
278,08-03-2020,18:00:00,ITA,8,Emilia-Romagna,44.49436681,11.3417208,542,75,617,480,1097,170,27,56,1180,4344
279,08-03-2020,18:00:00,ITA,6,Friuli Venezia Giulia,45.6494354,13.76813649,7,1,8,45,53,15,3,1,57,997
280,08-03-2020,18:00:00,ITA,12,Lazio,41.89277044,12.48366722,47,8,55,26,81,11,3,3,87,1929
281,08-03-2020,18:00:00,ITA,7,Liguria,44.41149315,8.9326992,39,11,50,17,67,27,5,6,78,401
282,08-03-2020,18:00:00,ITA,3,Lombardia,45.46679409,9.190347404,2217,399,2616,756,3372,769,550,267,4189,18534
283,08-03-2020,18:00:00,ITA,11,Marche,43.61675973,13.5188753,110,41,151,114,265,65,0,7,272,1025
284,08-03-2020,18:00:00,ITA,14,Molise,41.55774754,14.65916051,4,2,6,8,14,0,0,0,14,116
285,08-03-2020,18:00:00,ITA,1,Piemonte,45.0732745,7.680687483,245,45,290,65,355,153,0,5,360,1636
286,08-03-2020,18:00:00,ITA,16,Puglia,41.12559576,16.86736689,17,3,20,16,36,14,1,3,40,627
287,08-03-2020,18:00:00,ITA,20,Sardegna,39.21531192,9.110616306,5,0,5,6,11,6,0,0,11,149
288,08-03-2020,18:00:00,ITA,19,Sicilia,38.11569725,13.3623567,18,0,18,33,51,18,2,0,53,791
289,08-03-2020,18:00:00,ITA,9,Toscana,43.76923077,11.25588885,91,7,98,67,165,53,1,0,166,1618
290,08-03-2020,18:00:00,ITA,4,P.A. Trento,46.06893511,11.12123097,7,2,9,14,23,9,0,0,23,228
291,08-03-2020,18:00:00,ITA,10,Umbria,43.10675841,12.38824698,2,2,4,22,26,2,0,0,26,168
292,08-03-2020,18:00:00,ITA,2,Valle d'Aosta,45.73750286,7.320149366,1,0,1,8,9,1,0,0,9,41
293,08-03-2020,18:00:00,ITA,5,Veneto,45.43490485,12.33845213,146,47,193,430,623,127,29,18,670,15918
294,09-03-2020,18:00:00,ITA,13,Abruzzo,42.35122196,13.39843823,25,0,25,5,30,13,0,0,30,237
295,09-03-2020,18:00:00,ITA,17,Basilicata,40.63947052,15.80514834,2,0,2,3,5,1,0,0,5,135
296,09-03-2020,18:00:00,ITA,4,P.A. Bolzano,46.49933453,11.35662422,8,0,8,1,9,0,0,0,9,36
297,09-03-2020,18:00:00,ITA,18,Calabria,38.90597598,16.59440194,8,0,8,1,9,2,2,0,11,173
298,09-03-2020,18:00:00,ITA,15,Campania,40.83956555,14.25084984,42,8,50,69,119,19,1,0,120,980
299,09-03-2020,18:00:00,ITA,8,Emilia-Romagna,44.49436681,11.3417208,576,90,666,620,1286,206,30,70,1386,4906
300,09-03-2020,18:00:00,ITA,6,Friuli Venezia Giulia,45.6494354,13.76813649,18,1,19,70,89,36,3,1,93,1344
301,09-03-2020,18:00:00,ITA,12,Lazio,41.89277044,12.48366722,55,8,63,31,94,15,3,5,102,1929
302,09-03-2020,18:00:00,ITA,7,Liguria,44.41149315,8.9326992,60,17,77,20,97,31,5,7,109,611
303,09-03-2020,18:00:00,ITA,3,Lombardia,45.46679409,9.190347404,2802,440,3242,1248,4490,1280,646,333,5469,20135
304,09-03-2020,18:00:00,ITA,11,Marche,43.61675973,13.5188753,136,47,183,130,313,51,0,10,323,1250
305,09-03-2020,18:00:00,ITA,14,Molise,41.55774754,14.65916051,4,2,6,8,14,0,0,0,14,212
306,09-03-2020,18:00:00,ITA,1,Piemonte,45.0732745,7.680687483,222,50,272,65,337,-10,0,13,350,1681
307,09-03-2020,18:00:00,ITA,16,Puglia,41.12559576,16.86736689,20,6,26,20,46,10,1,3,50,685
308,09-03-2020,18:00:00,ITA,20,Sardegna,39.21531192,9.110616306,8,0,8,11,19,8,0,0,19,185
309,09-03-2020,18:00:00,ITA,19,Sicilia,38.11569725,13.3623567,19,0,19,33,52,1,2,0,54,836
310,09-03-2020,18:00:00,ITA,9,Toscana,43.76923077,11.25588885,107,9,116,90,206,42,1,1,208,2018
311,09-03-2020,18:00:00,ITA,4,P.A. Trento,46.06893511,11.12123097,10,2,12,21,33,10,0,0,33,267
312,09-03-2020,18:00:00,ITA,10,Umbria,43.10675841,12.38824698,4,2,6,22,28,2,0,0,28,183
313,09-03-2020,18:00:00,ITA,2,Valle d'Aosta,45.73750286,7.320149366,4,0,4,11,15,6,0,0,15,67
314,09-03-2020,18:00:00,ITA,5,Veneto,45.43490485,12.33845213,186,51,237,457,694,74,30,20,744,15956
315,10-03-2020,18:00:00,ITA,13,Abruzzo,42.35122196,13.39843823,17,9,26,11,37,8,0,1,38,310
316,10-03-2020,18:00:00,ITA,17,Basilicata,40.63947052,15.80514834,2,0,2,5,7,2,0,0,7,148
317,10-03-2020,18:00:00,ITA,4,P.A. Bolzano,46.49933453,11.35662422,17,1,18,20,38,29,0,0,38,36
318,10-03-2020,18:00:00,ITA,18,Calabria,38.90597598,16.59440194,8,2,10,1,11,2,2,0,13,360
319,10-03-2020,18:00:00,ITA,15,Campania,40.83956555,14.25084984,33,8,41,85,126,7,1,0,127,1141
320,10-03-2020,18:00:00,ITA,8,Emilia-Romagna,44.49436681,11.3417208,669,98,767,650,1417,147,31,85,1533,5494
321,10-03-2020,18:00:00,ITA,6,Friuli Venezia Giulia,45.6494354,13.76813649,27,6,33,77,110,23,3,3,116,1602
322,10-03-2020,18:00:00,ITA,12,Lazio,41.89277044,12.48366722,50,15,65,34,99,14,11,6,116,3591
323,10-03-2020,18:00:00,ITA,7,Liguria,44.41149315,8.9326992,57,29,86,42,128,32,5,8,141,694
324,10-03-2020,18:00:00,ITA,3,Lombardia,45.46679409,9.190347404,3319,466,3785,642,4427,322,896,468,5791,21479
325,10-03-2020,18:00:00,ITA,11,Marche,43.61675973,13.5188753,152,54,206,175,381,71,0,13,394,1437
326,10-03-2020,18:00:00,ITA,14,Molise,41.55774754,14.65916051,3,3,6,9,15,1,0,0,15,225
327,10-03-2020,18:00:00,ITA,1,Piemonte,45.0732745,7.680687483,306,66,372,64,436,103,0,17,453,2374
328,10-03-2020,18:00:00,ITA,16,Puglia,41.12559576,16.86736689,28,6,34,21,55,9,1,3,59,747
329,10-03-2020,18:00:00,ITA,20,Sardegna,39.21531192,9.110616306,9,0,9,11,20,1,0,0,20,204
330,10-03-2020,18:00:00,ITA,19,Sicilia,38.11569725,13.3623567,17,2,19,41,60,8,2,0,62,955
331,10-03-2020,18:00:00,ITA,9,Toscana,43.76923077,11.25588885,91,40,131,129,260,56,3,1,264,2573
332,10-03-2020,18:00:00,ITA,4,P.A. Trento,46.06893511,11.12123097,19,3,22,28,50,19,2,0,52,399
333,10-03-2020,18:00:00,ITA,10,Umbria,43.10675841,12.38824698,8,2,10,27,37,9,0,0,37,260
334,10-03-2020,18:00:00,ITA,2,Valle d'Aosta,45.73750286,7.320149366,2,0,2,15,17,2,0,0,17,89
335,10-03-2020,18:00:00,ITA,5,Veneto,45.43490485,12.33845213,204,67,271,512,783,112,47,26,856,16643
336,11-03-2020,17:00:00,ITA,13,Abruzzo,42.35122196,13.39843823,17,9,26,11,37,0,0,1,38,310
337,11-03-2020,17:00:00,ITA,17,Basilicata,40.63947052,15.80514834,1,1,2,6,8,1,0,0,8,155
338,11-03-2020,17:00:00,ITA,4,P.A. Bolzano,46.49933453,11.35662422,8,4,12,63,75,37,0,0,75,75
339,11-03-2020,17:00:00,ITA,18,Calabria,38.90597598,16.59440194,10,2,12,5,17,6,2,0,19,405
340,11-03-2020,17:00:00,ITA,15,Campania,40.83956555,14.25084984,56,11,67,82,149,27,4,1,154,1375
341,11-03-2020,17:00:00,ITA,8,Emilia-Romagna,44.49436681,11.3417208,745,104,849,739,1588,206,38,113,1739,6640
342,11-03-2020,17:00:00,ITA,6,Friuli Venezia Giulia,45.6494354,13.76813649,16,5,21,89,110,10,10,6,126,2073
343,11-03-2020,17:00:00,ITA,12,Lazio,41.89277044,12.48366722,67,18,85,40,125,34,19,6,150,3591
344,11-03-2020,17:00:00,ITA,7,Liguria,44.41149315,8.9326992,74,34,108,73,181,53,5,8,194,1025
345,11-03-2020,17:00:00,ITA,3,Lombardia,45.46679409,9.190347404,3852,560,4412,1351,5763,1489,900,617,7280,25629
346,11-03-2020,17:00:00,ITA,11,Marche,43.61675973,13.5188753,212,66,278,183,461,85,0,18,479,1656
347,11-03-2020,17:00:00,ITA,14,Molise,41.55774754,14.65916051,4,3,7,9,16,1,0,0,16,233
348,11-03-2020,17:00:00,ITA,1,Piemonte,45.0732745,7.680687483,319,75,394,86,480,48,0,21,501,2431
349,11-03-2020,17:00:00,ITA,16,Puglia,41.12559576,16.86736689,38,4,42,29,71,18,1,5,77,909
350,11-03-2020,17:00:00,ITA,20,Sardegna,39.21531192,9.110616306,10,0,10,27,37,17,0,0,37,283
351,11-03-2020,17:00:00,ITA,19,Sicilia,38.11569725,13.3623567,23,1,24,57,81,21,2,0,83,1194
352,11-03-2020,17:00:00,ITA,9,Toscana,43.76923077,11.25588885,87,54,141,173,314,56,5,1,320,2804
353,11-03-2020,17:00:00,ITA,4,P.A. Trento,46.06893511,11.12123097,28,4,32,42,74,25,3,0,77,527
354,11-03-2020,17:00:00,ITA,10,Umbria,43.10675841,12.38824698,7,5,12,32,44,9,2,0,46,340
355,11-03-2020,17:00:00,ITA,2,Valle d'Aosta,45.73750286,7.320149366,2,0,2,17,19,3,0,1,20,99
356,11-03-2020,17:00:00,ITA,5,Veneto,45.43490485,12.33845213,262,68,330,610,940,167,54,29,1023,21400
357,12-03-2020,17:00:00,ITA,13,Abruzzo,42.35122196,13.39843823,47,12,59,19,78,46,4,2,84,867
358,12-03-2020,17:00:00,ITA,17,Basilicata,40.63947052,15.80514834,1,1,2,6,8,0,0,0,8,155
359,12-03-2020,17:00:00,ITA,4,P.A. Bolzano,46.49933453,11.35662422,21,4,25,78,103,29,0,1,104,607
360,12-03-2020,17:00:00,ITA,18,Calabria,38.90597598,16.59440194,14,2,16,16,32,14,1,0,33,483
361,12-03-2020,17:00:00,ITA,15,Campania,40.83956555,14.25084984,56,11,67,107,174,25,4,1,179,1551
362,12-03-2020,17:00:00,ITA,8,Emilia-Romagna,44.49436681,11.3417208,814,112,926,832,1758,208,43,146,1947,7600
363,12-03-2020,17:00:00,ITA,6,Friuli Venezia Giulia,45.6494354,13.76813649,23,10,33,115,148,41,11,8,167,2604
364,12-03-2020,17:00:00,ITA,12,Lazio,41.89277044,12.48366722,85,20,105,67,172,50,19,9,200,5592
365,12-03-2020,17:00:00,ITA,7,Liguria,44.41149315,8.9326992,100,36,136,107,243,80,20,11,274,1174
366,12-03-2020,17:00:00,ITA,3,Lombardia,45.46679409,9.190347404,4247,605,4852,2044,6896,1445,1085,744,8725,29534
367,12-03-2020,17:00:00,ITA,11,Marche,43.61675973,13.5188753,254,76,330,240,570,113,0,22,592,1907
368,12-03-2020,17:00:00,ITA,14,Molise,41.55774754,14.65916051,4,3,7,9,16,0,0,0,16,238
369,12-03-2020,17:00:00,ITA,1,Piemonte,45.0732745,7.680687483,368,97,465,89,554,79,0,26,580,2879
370,12-03-2020,17:00:00,ITA,16,Puglia,41.12559576,16.86736689,58,2,60,38,98,27,1,5,104,1269
371,12-03-2020,17:00:00,ITA,20,Sardegna,39.21531192,9.110616306,12,0,12,27,39,2,0,0,39,302
372,12-03-2020,17:00:00,ITA,19,Sicilia,38.11569725,13.3623567,28,5,33,78,111,32,2,2,115,1477
373,12-03-2020,17:00:00,ITA,9,Toscana,43.76923077,11.25588885,100,59,159,193,352,44,7,5,364,3165
374,12-03-2020,17:00:00,ITA,4,P.A. Trento,46.06893511,11.12123097,43,5,48,54,102,30,4,1,107,593
375,12-03-2020,17:00:00,ITA,10,Umbria,43.10675841,12.38824698,8,8,16,46,62,18,2,0,64,458
376,12-03-2020,17:00:00,ITA,2,Valle d'Aosta,45.73750286,7.320149366,7,0,7,19,26,7,0,1,27,118
377,12-03-2020,17:00:00,ITA,5,Veneto,45.43490485,12.33845213,360,85,445,852,1297,361,55,32,1384,23438
378,13-03-2020,17:00:00,ITA,13,Abruzzo,42.35122196,13.39843823,42,14,56,27,83,5,4,2,89,958
379,13-03-2020,17:00:00,ITA,17,Basilicata,40.63947052,15.80514834,1,1,2,8,10,2,0,0,10,155
380,13-03-2020,17:00:00,ITA,4,P.A. Bolzano,46.49933453,11.35662422,20,5,25,98,123,21,0,2,125,811
381,13-03-2020,17:00:00,ITA,18,Calabria,38.90597598,16.59440194,18,3,21,16,37,5,1,0,38,504
382,13-03-2020,17:00:00,ITA,15,Campania,40.83956555,14.25084984,60,19,79,134,213,41,5,2,220,1671
383,13-03-2020,17:00:00,ITA,8,Emilia-Romagna,44.49436681,11.3417208,942,128,1070,941,2011,316,51,201,2263,8787
384,13-03-2020,17:00:00,ITA,6,Friuli Venezia Giulia,45.6494354,13.76813649,59,8,67,169,236,90,11,10,257,3149
385,13-03-2020,17:00:00,ITA,12,Lazio,41.89277044,12.48366722,122,24,146,96,242,77,24,11,277,6491
386,13-03-2020,17:00:00,ITA,7,Liguria,44.41149315,8.9326992,128,44,172,132,304,71,24,17,345,1442
387,13-03-2020,17:00:00,ITA,3,Lombardia,45.46679409,9.190347404,4435,650,5085,2647,7732,1095,1198,890,9820,32700
388,13-03-2020,17:00:00,ITA,11,Marche,43.61675973,13.5188753,337,85,422,276,698,133,0,27,725,2218
389,13-03-2020,17:00:00,ITA,14,Molise,41.55774754,14.65916051,5,3,8,9,17,1,0,0,17,243
390,13-03-2020,17:00:00,ITA,1,Piemonte,45.0732745,7.680687483,556,135,691,103,794,260,0,46,840,3105
391,13-03-2020,17:00:00,ITA,16,Puglia,41.12559576,16.86736689,77,2,79,42,121,25,3,5,129,1449
392,13-03-2020,17:00:00,ITA,20,Sardegna,39.21531192,9.110616306,12,0,12,31,43,4,0,0,43,504
393,13-03-2020,17:00:00,ITA,19,Sicilia,38.11569725,13.3623567,37,7,44,82,126,15,2,2,130,1950
394,13-03-2020,17:00:00,ITA,9,Toscana,43.76923077,11.25588885,134,77,211,244,455,106,10,5,470,4049
395,13-03-2020,17:00:00,ITA,4,P.A. Trento,46.06893511,11.12123097,58,6,64,93,157,56,4,2,163,846
396,13-03-2020,17:00:00,ITA,10,Umbria,43.10675841,12.38824698,11,10,21,52,73,12,2,1,76,576
397,13-03-2020,17:00:00,ITA,2,Valle d'Aosta,45.73750286,7.320149366,6,0,6,21,27,1,0,1,28,189
398,13-03-2020,17:00:00,ITA,5,Veneto,45.43490485,12.33845213,366,107,473,980,1453,211,100,42,1595,25691
399,14-03-2020,17:00:00,ITA,13,Abruzzo,42.35122196,13.39843823,51,14,65,41,106,23,4,2,112,1232
400,14-03-2020,17:00:00,ITA,17,Basilicata,40.63947052,15.80514834,0,2,2,8,10,0,0,0,10,155
401,14-03-2020,17:00:00,ITA,4,P.A. Bolzano,46.49933453,11.35662422,26,7,33,137,170,48,0,3,173,1135
402,14-03-2020,17:00:00,ITA,18,Calabria,38.90597598,16.59440194,22,4,26,33,59,22,1,0,60,711
403,14-03-2020,17:00:00,ITA,15,Campania,40.83956555,14.25084984,72,17,89,154,243,52,23,6,272,1936
404,14-03-2020,17:00:00,ITA,8,Emilia-Romagna,44.49436681,11.3417208,1076,152,1228,1121,2349,381,54,241,2644,10043
405,14-03-2020,17:00:00,ITA,6,Friuli Venezia Giulia,45.6494354,13.76813649,67,11,78,193,271,44,17,13,301,3376
406,14-03-2020,17:00:00,ITA,12,Lazio,41.89277044,12.48366722,181,25,206,114,320,80,24,13,357,7335
407,14-03-2020,17:00:00,ITA,7,Liguria,44.41149315,8.9326992,213,62,275,109,384,118,52,27,463,1750
408,14-03-2020,17:00:00,ITA,3,Lombardia,45.46679409,9.190347404,4898,732,5630,3429,9059,1865,1660,966,11685,37138
409,14-03-2020,17:00:00,ITA,11,Marche,43.61675973,13.5188753,449,93,542,321,863,174,0,36,899,2561
410,14-03-2020,17:00:00,ITA,14,Molise,41.55774754,14.65916051,5,3,8,9,17,0,0,0,17,247
411,14-03-2020,17:00:00,ITA,1,Piemonte,45.0732745,7.680687483,538,150,688,126,814,33,0,59,873,3680
412,14-03-2020,17:00:00,ITA,16,Puglia,41.12559576,16.86736689,91,6,97,59,156,37,2,8,166,1681
413,14-03-2020,17:00:00,ITA,20,Sardegna,39.21531192,9.110616306,14,0,14,33,47,4,0,0,47,530
414,14-03-2020,17:00:00,ITA,19,Sicilia,38.11569725,13.3623567,42,11,53,97,150,26,4,2,156,2100
415,14-03-2020,17:00:00,ITA,9,Toscana,43.76923077,11.25588885,160,87,247,367,614,160,10,6,630,4595
416,14-03-2020,17:00:00,ITA,4,P.A. Trento,46.06893511,11.12123097,68,12,80,119,199,43,5,2,206,1006
417,14-03-2020,17:00:00,ITA,10,Umbria,43.10675841,12.38824698,21,11,32,71,103,31,3,1,107,748
418,14-03-2020,17:00:00,ITA,2,Valle d'Aosta,45.73750286,7.320149366,12,0,12,29,41,14,0,1,42,231
419,14-03-2020,17:00:00,ITA,5,Veneto,45.43490485,12.33845213,366,119,485,1290,1775,342,107,55,1937,26980
420,15-03-2020,17:00:00,ITA,13,Abruzzo,42.35122196,13.39843823,72,28,100,28,128,25,6,3,137,1419
421,15-03-2020,17:00:00,ITA,17,Basilicata,40.63947052,15.80514834,0,2,2,9,11,1,0,0,11,208
422,15-03-2020,17:00:00,ITA,4,P.A. Bolzano,46.49933453,11.35662422,50,4,54,145,199,31,0,5,204,1497
423,15-03-2020,17:00:00,ITA,18,Calabria,38.90597598,16.59440194,32,6,38,28,66,8,1,1,68,884
424,15-03-2020,17:00:00,ITA,15,Campania,40.83956555,14.25084984,73,22,95,201,296,61,28,9,333,2213
425,15-03-2020,17:00:00,ITA,8,Emilia-Romagna,44.49436681,11.3417208,1215,169,1384,1357,2741,449,68,284,3093,12054
426,15-03-2020,17:00:00,ITA,6,Friuli Venezia Giulia,45.6494354,13.76813649,98,12,110,206,316,46,17,14,347,3407
427,15-03-2020,17:00:00,ITA,12,Lazio,41.89277044,12.48366722,223,31,254,142,396,79,24,16,436,8345
428,15-03-2020,17:00:00,ITA,7,Liguria,44.41149315,8.9326992,253,66,319,174,493,96,33,33,559,1973
429,15-03-2020,17:00:00,ITA,3,Lombardia,45.46679409,9.190347404,5500,767,6267,3776,10043,1587,2011,1218,13272,40369
430,15-03-2020,17:00:00,ITA,11,Marche,43.61675973,13.5188753,521,98,619,468,1087,234,0,46,1133,2946
431,15-03-2020,17:00:00,ITA,14,Molise,41.55774754,14.65916051,3,4,7,10,17,0,0,0,17,248
432,15-03-2020,17:00:00,ITA,1,Piemonte,45.0732745,7.680687483,726,171,897,133,1030,238,0,81,1111,4375
433,15-03-2020,17:00:00,ITA,16,Puglia,41.12559576,16.86736689,116,6,122,90,212,64,2,16,230,2017
434,15-03-2020,17:00:00,ITA,20,Sardegna,39.21531192,9.110616306,16,0,16,59,75,30,0,2,77,613
435,15-03-2020,17:00:00,ITA,19,Sicilia,38.11569725,13.3623567,56,15,71,108,179,32,7,2,188,2452
436,15-03-2020,17:00:00,ITA,9,Toscana,43.76923077,11.25588885,175,107,282,481,763,151,10,8,781,5132
437,15-03-2020,17:00:00,ITA,4,P.A. Trento,46.06893511,11.12123097,73,19,92,275,367,172,5,6,378,1006
438,15-03-2020,17:00:00,ITA,10,Umbria,43.10675841,12.38824698,25,13,38,101,139,36,3,1,143,965
439,15-03-2020,17:00:00,ITA,2,Valle d'Aosta,45.73750286,7.320149366,10,3,13,43,56,15,0,1,57,230
440,15-03-2020,17:00:00,ITA,5,Veneto,45.43490485,12.33845213,426,129,555,1434,1989,235,120,63,2172,32546
441,16-03-2020,17:00:00,ITA,13,Abruzzo,42.35122196,13.39843823,71,37,108,57,165,39,7,4,176,1533
442,16-03-2020,17:00:00,ITA,17,Basilicata,40.63947052,15.80514834,1,2,3,9,12,1,0,0,12,230
443,16-03-2020,17:00:00,ITA,4,P.A. Bolzano,46.49933453,11.35662422,53,11,64,171,235,37,0,6,241,1740
444,16-03-2020,17:00:00,ITA,18,Calabria,38.90597598,16.59440194,36,7,43,44,87,21,1,1,89,1030
445,16-03-2020,17:00:00,ITA,15,Campania,40.83956555,14.25084984,103,22,125,238,363,67,28,9,400,2517
446,16-03-2020,17:00:00,ITA,8,Emilia-Romagna,44.49436681,11.3417208,1362,197,1559,1529,3088,429,88,346,3522,13096
447,16-03-2020,17:00:00,ITA,6,Friuli Venezia Giulia,45.6494354,13.76813649,96,19,115,231,346,39,18,22,386,4851
448,16-03-2020,17:00:00,ITA,12,Lazio,41.89277044,12.48366722,267,31,298,174,472,87,32,19,523,9330
449,16-03-2020,17:00:00,ITA,7,Liguria,44.41149315,8.9326992,255,73,328,247,575,108,42,50,667,2189
450,16-03-2020,17:00:00,ITA,3,Lombardia,45.46679409,9.190347404,6171,823,6994,3867,10861,1377,2368,1420,14649,43565
451,16-03-2020,17:00:00,ITA,11,Marche,43.61675973,13.5188753,528,110,638,547,1185,109,0,57,1242,3225
452,16-03-2020,17:00:00,ITA,14,Molise,41.55774754,14.65916051,3,5,8,7,15,4,5,1,21,253
453,16-03-2020,17:00:00,ITA,1,Piemonte,45.0732745,7.680687483,1045,186,1231,174,1405,405,0,111,1516,5588
454,16-03-2020,17:00:00,ITA,16,Puglia,41.12559576,16.86736689,116,6,122,90,212,0,2,16,230,2017
455,16-03-2020,17:00:00,ITA,20,Sardegna,39.21531192,9.110616306,39,0,39,66,105,30,0,2,107,797
456,16-03-2020,17:00:00,ITA,19,Sicilia,38.11569725,13.3623567,75,20,95,108,203,25,8,2,213,2653
457,16-03-2020,17:00:00,ITA,9,Toscana,43.76923077,11.25588885,175,107,282,559,841,85,11,14,866,5910
458,16-03-2020,17:00:00,ITA,4,P.A. Trento,46.06893511,11.12123097,73,19,92,275,367,0,5,6,378,1006
459,16-03-2020,17:00:00,ITA,10,Umbria,43.10675841,12.38824698,30,15,45,114,159,21,4,1,164,1093
460,16-03-2020,17:00:00,ITA,2,Valle d'Aosta,45.73750286,7.320149366,28,5,33,70,103,48,0,2,105,287
461,16-03-2020,17:00:00,ITA,5,Veneto,45.43490485,12.33845213,498,156,654,1620,2274,301,130,69,2473,35052
462,17-03-2020,17:00:00,ITA,13,Abruzzo,42.35122196,13.39843823,94,32,126,90,216,53,7,6,229,1688
463,17-03-2020,17:00:00,ITA,17,Basilicata,40.63947052,15.80514834,5,2,7,13,20,8,0,0,20,262
464,17-03-2020,17:00:00,ITA,4,P.A. Bolzano,46.49933453,11.35662422,71,11,82,200,282,50,1,8,291,2149
465,17-03-2020,17:00:00,ITA,18,Calabria,38.90597598,16.59440194,45,10,55,57,112,25,1,1,114,1293
466,17-03-2020,17:00:00,ITA,15,Campania,40.83956555,14.25084984,127,24,151,272,423,60,28,9,460,2685
467,17-03-2020,17:00:00,ITA,8,Emilia-Romagna,44.49436681,11.3417208,1566,223,1789,1615,3404,409,134,393,3931,14510
468,17-03-2020,17:00:00,ITA,6,Friuli Venezia Giulia,45.6494354,13.76813649,104,21,125,222,347,8,17,30,394,4958
469,17-03-2020,17:00:00,ITA,12,Lazio,41.89277044,12.48366722,314,44,358,192,550,84,34,23,607,9436
470,17-03-2020,17:00:00,ITA,7,Liguria,44.41149315,8.9326992,299,85,384,277,661,111,57,60,778,2509
471,17-03-2020,17:00:00,ITA,3,Lombardia,45.46679409,9.190347404,6953,879,7832,4263,12095,1571,2485,1640,16220,46449
472,17-03-2020,17:00:00,ITA,11,Marche,43.61675973,13.5188753,599,109,708,594,1302,129,0,69,1371,3225
473,17-03-2020,17:00:00,ITA,14,Molise,41.55774754,14.65916051,7,5,12,7,19,4,5,1,25,301
474,17-03-2020,17:00:00,ITA,1,Piemonte,45.0732745,7.680687483,1378,206,1584,180,1764,381,0,133,1897,6543
475,17-03-2020,17:00:00,ITA,16,Puglia,41.12559576,16.86736689,155,14,169,151,320,110,2,18,340,3077
476,17-03-2020,17:00:00,ITA,20,Sardegna,39.21531192,9.110616306,36,4,40,75,115,10,0,2,117,1003
477,17-03-2020,17:00:00,ITA,19,Sicilia,38.11569725,13.3623567,86,28,114,112,226,24,8,3,237,2916
478,17-03-2020,17:00:00,ITA,9,Toscana,43.76923077,11.25588885,329,143,472,552,1024,187,12,17,1053,6727
479,17-03-2020,17:00:00,ITA,4,P.A. Trento,46.06893511,11.12123097,107,22,129,239,368,7,10,7,385,1727
480,17-03-2020,17:00:00,ITA,10,Umbria,43.10675841,12.38824698,36,21,57,135,192,33,4,1,197,1323
481,17-03-2020,17:00:00,ITA,2,Valle d'Aosta,45.73750286,7.320149366,35,6,41,93,134,31,0,2,136,398
482,17-03-2020,17:00:00,ITA,5,Veneto,45.43490485,12.33845213,548,171,719,1769,2488,231,136,80,2704,35478
483,18-03-2020,17:00:00,ITA,13,Abruzzo,42.35122196,13.39843823,99,41,140,109,249,34,7,7,263,2054
484,18-03-2020,17:00:00,ITA,17,Basilicata,40.63947052,15.80514834,9,2,11,16,27,7,0,0,27,262
485,18-03-2020,17:00:00,ITA,4,P.A. Bolzano,46.49933453,11.35662422,79,18,97,269,366,85,1,9,376,2844
486,18-03-2020,17:00:00,ITA,18,Calabria,38.90597598,16.59440194,45,11,56,70,126,15,2,1,129,1668
487,18-03-2020,17:00:00,ITA,15,Campania,40.83956555,14.25084984,127,24,151,272,423,0,28,9,460,2685
488,18-03-2020,17:00:00,ITA,8,Emilia-Romagna,44.49436681,11.3417208,1784,247,2031,1884,3915,594,152,458,4525,15461
489,18-03-2020,17:00:00,ITA,6,Friuli Venezia Giulia,45.6494354,13.76813649,128,27,155,261,416,68,15,31,462,4958
490,18-03-2020,17:00:00,ITA,12,Lazio,41.89277044,12.48366722,374,44,418,232,650,117,42,32,724,11145
491,18-03-2020,17:00:00,ITA,7,Liguria,44.41149315,8.9326992,401,100,501,243,744,109,70,73,887,2912
492,18-03-2020,17:00:00,ITA,3,Lombardia,45.46679409,9.190347404,7285,924,8209,4057,12266,1493,3488,1959,17713,48983
493,18-03-2020,17:00:00,ITA,11,Marche,43.61675973,13.5188753,638,119,757,719,1476,197,0,92,1568,4109
494,18-03-2020,17:00:00,ITA,14,Molise,41.55774754,14.65916051,7,6,13,8,21,3,6,1,28,361
495,18-03-2020,17:00:00,ITA,1,Piemonte,45.0732745,7.680687483,1780,227,2007,180,2187,444,0,154,2341,7516
496,18-03-2020,17:00:00,ITA,16,Puglia,41.12559576,16.86736689,156,30,186,176,362,43,2,19,383,3433
497,18-03-2020,17:00:00,ITA,20,Sardegna,39.21531192,9.110616306,42,7,49,83,132,17,0,2,134,1135
498,18-03-2020,17:00:00,ITA,19,Sicilia,38.11569725,13.3623567,100,29,129,138,267,45,12,3,282,3294
499,18-03-2020,17:00:00,ITA,9,Toscana,43.76923077,11.25588885,427,160,587,704,1291,277,17,22,1330,7606
500,18-03-2020,17:00:00,ITA,4,P.A. Trento,46.06893511,11.12123097,141,22,163,273,436,70,12,7,455,2187
501,18-03-2020,17:00:00,ITA,10,Umbria,43.10675841,12.38824698,54,21,75,166,241,50,4,2,247,1601
502,18-03-2020,17:00:00,ITA,2,Valle d'Aosta,45.73750286,7.320149366,41,3,44,118,162,29,0,3,165,486
503,18-03-2020,17:00:00,ITA,5,Veneto,45.43490485,12.33845213,646,195,841,2112,2953,510,167,94,3214,40841
504,19-03-2020,17:00:00,ITA,13,Abruzzo,42.35122196,13.39843823,181,47,228,138,366,122,8,11,385,2409
505,19-03-2020,17:00:00,ITA,17,Basilicata,40.63947052,15.80514834,8,5,13,24,37,10,0,0,37,353
506,19-03-2020,17:00:00,ITA,4,P.A. Bolzano,46.49933453,11.35662422,87,18,105,316,421,60,1,14,436,3568
507,19-03-2020,17:00:00,ITA,18,Calabria,38.90597598,16.59440194,60,13,73,91,164,40,2,3,169,2342
508,19-03-2020,17:00:00,ITA,15,Campania,40.83956555,14.25084984,213,36,249,356,605,192,30,17,652,3544
509,19-03-2020,17:00:00,ITA,8,Emilia-Romagna,44.49436681,11.3417208,1900,260,2160,2346,4506,689,177,531,5214,18344
510,19-03-2020,17:00:00,ITA,6,Friuli Venezia Giulia,45.6494354,13.76813649,134,29,163,359,522,137,41,36,599,4052
511,19-03-2020,17:00:00,ITA,12,Lazio,41.89277044,12.48366722,426,45,471,270,741,99,44,38,823,11145
512,19-03-2020,17:00:00,ITA,7,Liguria,44.41149315,8.9326992,491,112,603,280,883,172,85,91,1059,3348
513,19-03-2020,17:00:00,ITA,3,Lombardia,45.46679409,9.190347404,7387,1006,8393,5545,13938,2171,3778,2168,19884,52244
514,19-03-2020,17:00:00,ITA,11,Marche,43.61675973,13.5188753,656,141,797,825,1622,169,0,115,1737,4512
515,19-03-2020,17:00:00,ITA,14,Molise,41.55774754,14.65916051,19,6,25,13,38,18,6,2,46,426
516,19-03-2020,17:00:00,ITA,1,Piemonte,45.0732745,7.680687483,2279,257,2536,218,2754,591,3,175,2932,8853
517,19-03-2020,17:00:00,ITA,16,Puglia,41.12559576,16.86736689,173,31,204,245,449,95,4,25,478,4046
518,19-03-2020,17:00:00,ITA,20,Sardegna,39.21531192,9.110616306,43,9,52,152,204,72,0,2,206,1334
519,19-03-2020,17:00:00,ITA,19,Sicilia,38.11569725,13.3623567,143,36,179,142,321,58,15,4,340,3961
520,19-03-2020,17:00:00,ITA,9,Toscana,43.76923077,11.25588885,501,178,679,743,1422,152,22,38,1482,8873
521,19-03-2020,17:00:00,ITA,4,P.A. Trento,46.06893511,11.12123097,169,30,199,292,491,68,20,12,523,2203
522,19-03-2020,17:00:00,ITA,10,Umbria,43.10675841,12.38824698,69,21,90,238,328,87,4,2,334,1954
523,19-03-2020,17:00:00,ITA,2,Valle d'Aosta,45.73750286,7.320149366,47,9,56,153,209,50,0,6,215,608
524,19-03-2020,17:00:00,ITA,5,Veneto,45.43490485,12.33845213,771,209,980,2189,3169,270,200,115,3484,44658
525,20-03-2020,17:00:00,ITA,13,Abruzzo,42.35122196,13.39843823,190,48,238,184,422,64,10,17,449,2695
526,20-03-2020,17:00:00,ITA,17,Basilicata,40.63947052,15.80514834,8,5,13,39,52,15,0,0,52,443
527,20-03-2020,17:00:00,ITA,4,P.A. Bolzano,46.49933453,11.35662422,99,24,123,407,530,112,1,17,548,4433
528,20-03-2020,17:00:00,ITA,18,Calabria,38.90597598,16.59440194,71,16,87,114,201,38,2,4,207,2690
529,20-03-2020,17:00:00,ITA,15,Campania,40.83956555,14.25084984,130,41,171,531,702,97,30,17,749,3845
530,20-03-2020,17:00:00,ITA,8,Emilia-Romagna,44.49436681,11.3417208,2083,267,2350,2739,5089,754,239,640,5968,20753
531,20-03-2020,17:00:00,ITA,6,Friuli Venezia Giulia,45.6494354,13.76813649,143,32,175,380,555,57,63,38,656,4964
532,20-03-2020,17:00:00,ITA,12,Lazio,41.89277044,12.48366722,537,47,584,328,912,185,53,43,1008,13889
533,20-03-2020,17:00:00,ITA,7,Liguria,44.41149315,8.9326992,573,121,694,307,1001,162,101,119,1221,3794
534,20-03-2020,17:00:00,ITA,3,Lombardia,45.46679409,9.190347404,7735,1050,8785,6635,15420,2380,4295,2549,22264,57174
535,20-03-2020,17:00:00,ITA,11,Marche,43.61675973,13.5188753,704,138,842,1002,1844,244,0,137,1981,5170
536,20-03-2020,17:00:00,ITA,14,Molise,41.55774754,14.65916051,20,6,26,13,39,4,6,5,50,426
537,20-03-2020,17:00:00,ITA,1,Piemonte,45.0732745,7.680687483,1541,280,1821,1423,3244,529,8,209,3461,9975
538,20-03-2020,17:00:00,ITA,16,Puglia,41.12559576,16.86736689,191,31,222,329,551,103,4,26,581,4789
539,20-03-2020,17:00:00,ITA,20,Sardegna,39.21531192,9.110616306,56,15,71,217,288,87,3,2,293,1912
540,20-03-2020,17:00:00,ITA,19,Sicilia,38.11569725,13.3623567,168,42,210,169,379,68,25,4,408,4468
541,20-03-2020,17:00:00,ITA,9,Toscana,43.76923077,11.25588885,601,189,790,923,1713,311,33,47,1793,10405
542,20-03-2020,17:00:00,ITA,4,P.A. Trento,46.06893511,11.12123097,198,34,232,368,600,119,29,13,642,2656
543,20-03-2020,17:00:00,ITA,10,Umbria,43.10675841,12.38824698,75,24,99,285,384,61,4,7,395,2303
544,20-03-2020,17:00:00,ITA,2,Valle d'Aosta,45.73750286,7.320149366,54,9,63,194,257,49,0,7,264,814
545,20-03-2020,17:00:00,ITA,5,Veneto,45.43490485,12.33845213,843,236,1079,2598,3677,547,223,131,4031,49288
546,21-03-2020,17:00:00,ITA,13,Abruzzo,42.35122196,13.39843823,185,44,229,265,494,80,13,22,529,3035
547,21-03-2020,17:00:00,ITA,17,Basilicata,40.63947052,15.80514834,12,7,19,47,66,14,0,0,66,522
548,21-03-2020,17:00:00,ITA,4,P.A. Bolzano,46.49933453,11.35662422,127,30,157,443,600,73,1,20,621,5179
549,21-03-2020,17:00:00,ITA,18,Calabria,38.90597598,16.59440194,73,16,89,136,225,28,5,5,235,3050
550,21-03-2020,17:00:00,ITA,15,Campania,40.83956555,14.25084984,233,87,320,473,793,95,29,22,844,4448
551,21-03-2020,17:00:00,ITA,8,Emilia-Romagna,44.49436681,11.3417208,2267,265,2532,3129,5661,737,329,715,6705,24620
552,21-03-2020,17:00:00,ITA,6,Friuli Venezia Giulia,45.6494354,13.76813649,152,37,189,477,666,134,82,42,790,5955
553,21-03-2020,17:00:00,ITA,12,Lazio,41.89277044,12.48366722,591,70,661,425,1086,182,54,50,1190,13889
554,21-03-2020,17:00:00,ITA,7,Liguria,44.41149315,8.9326992,598,129,727,432,1159,215,125,152,1436,4304
555,21-03-2020,17:00:00,ITA,3,Lombardia,45.46679409,9.190347404,8258,1093,9351,8019,17370,3251,5050,3095,25515,66730
556,21-03-2020,17:00:00,ITA,11,Marche,43.61675973,13.5188753,742,141,883,1114,1997,172,2,154,2153,5740
557,21-03-2020,17:00:00,ITA,14,Molise,41.55774754,14.65916051,21,6,27,20,47,11,7,7,61,449
558,21-03-2020,17:00:00,ITA,1,Piemonte,45.0732745,7.680687483,1976,301,2277,1229,3506,291,8,238,3752,10701
559,21-03-2020,17:00:00,ITA,16,Puglia,41.12559576,16.86736689,209,33,242,400,642,94,4,29,675,5617
560,21-03-2020,17:00:00,ITA,20,Sardegna,39.21531192,9.110616306,65,16,81,240,321,37,5,4,330,2297
561,21-03-2020,17:00:00,ITA,19,Sicilia,38.11569725,13.3623567,206,48,254,204,458,82,26,6,490,4883
562,21-03-2020,17:00:00,ITA,9,Toscana,43.76923077,11.25588885,664,202,866,1039,1905,219,35,72,2012,11909
563,21-03-2020,17:00:00,ITA,4,P.A. Trento,46.06893511,11.12123097,233,39,272,448,720,140,34,28,782,2656
564,21-03-2020,17:00:00,ITA,10,Umbria,43.10675841,12.38824698,92,29,121,326,447,67,5,10,462,2712
565,21-03-2020,17:00:00,ITA,2,Valle d'Aosta,45.73750286,7.320149366,62,15,77,227,304,49,1,8,313,884
566,21-03-2020,17:00:00,ITA,5,Veneto,45.43490485,12.33845213,942,249,1191,3023,4214,586,257,146,4617,53642
567,22-03-2020,17:00:00,ITA,13,Abruzzo,42.35122196,13.39843823,218,49,267,272,539,58,15,33,587,3375
568,22-03-2020,17:00:00,ITA,17,Basilicata,40.63947052,15.80514834,13,10,23,58,81,15,0,0,81,643
569,22-03-2020,17:00:00,ITA,4,P.A. Bolzano,46.49933453,11.35662422,146,32,178,470,648,57,7,23,678,5718
570,22-03-2020,17:00:00,ITA,18,Calabria,38.90597598,16.59440194,77,17,94,166,260,38,5,8,273,3666
571,22-03-2020,17:00:00,ITA,15,Campania,40.83956555,14.25084984,243,99,342,524,866,92,41,29,936,4943
572,22-03-2020,17:00:00,ITA,8,Emilia-Romagna,44.49436681,11.3417208,2429,269,2698,3692,6390,850,349,816,7555,28022
573,22-03-2020,17:00:00,ITA,6,Friuli Venezia Giulia,45.6494354,13.76813649,163,47,210,528,738,84,89,47,874,6761
574,22-03-2020,17:00:00,ITA,12,Lazio,41.89277044,12.48366722,671,79,750,522,1272,193,58,53,1383,17845
575,22-03-2020,17:00:00,ITA,7,Liguria,44.41149315,8.9326992,736,132,868,483,1351,229,143,171,1665,4995
576,22-03-2020,17:00:00,ITA,3,Lombardia,45.46679409,9.190347404,9439,1142,10581,7304,17885,1691,5865,3456,27206,70598
577,22-03-2020,17:00:00,ITA,11,Marche,43.61675973,13.5188753,816,138,954,1277,2231,268,6,184,2421,6391
578,22-03-2020,17:00:00,ITA,14,Molise,41.55774754,14.65916051,24,7,31,21,52,5,7,7,66,532
579,22-03-2020,17:00:00,ITA,1,Piemonte,45.0732745,7.680687483,2118,308,2426,1701,4127,668,10,283,4420,12701
580,22-03-2020,17:00:00,ITA,16,Puglia,41.12559576,16.86736689,252,37,289,459,748,111,7,31,786,6160
581,22-03-2020,17:00:00,ITA,20,Sardegna,39.21531192,9.110616306,67,16,83,244,327,9,5,7,339,2402
582,22-03-2020,17:00:00,ITA,19,Sicilia,38.11569725,13.3623567,220,55,275,321,596,140,26,8,630,5580
583,22-03-2020,17:00:00,ITA,9,Toscana,43.76923077,11.25588885,706,215,921,1223,2144,265,42,91,2277,13264
584,22-03-2020,17:00:00,ITA,4,P.A. Trento,46.06893511,11.12123097,235,46,281,604,885,172,34,35,954,3050
585,22-03-2020,17:00:00,ITA,10,Umbria,43.10675841,12.38824698,97,35,132,368,500,59,5,16,521,3135
586,22-03-2020,17:00:00,ITA,2,Valle d'Aosta,45.73750286,7.320149366,63,21,84,270,354,51,1,9,364,950
587,22-03-2020,17:00:00,ITA,5,Veneto,45.43490485,12.33845213,1113,255,1368,3276,4644,505,309,169,5122,57671
588,23-03-2020,17:00:00,ITA,13,Abruzzo,42.35122196,13.39843823,228,52,280,325,605,76,20,38,663,3674
589,23-03-2020,17:00:00,ITA,17,Basilicata,40.63947052,15.80514834,15,12,27,62,89,9,0,1,90,696
590,23-03-2020,17:00:00,ITA,4,P.A. Bolzano,46.49933453,11.35662422,145,33,178,510,688,46,7,29,724,6084
591,23-03-2020,17:00:00,ITA,18,Calabria,38.90597598,16.59440194,82,20,102,178,280,19,5,7,292,4073
592,23-03-2020,17:00:00,ITA,15,Campania,40.83956555,14.25084984,266,110,376,553,929,90,48,49,1026,5813
593,23-03-2020,17:00:00,ITA,8,Emilia-Romagna,44.49436681,11.3417208,2846,276,3122,4098,7220,980,423,892,8535,31200
594,23-03-2020,17:00:00,ITA,6,Friuli Venezia Giulia,45.6494354,13.76813649,185,41,226,545,771,56,105,54,930,7424
595,23-03-2020,17:00:00,ITA,12,Lazio,41.89277044,12.48366722,718,96,814,600,1414,157,63,63,1540,18371
596,23-03-2020,17:00:00,ITA,7,Liguria,44.41149315,8.9326992,761,133,894,659,1553,259,159,212,1924,5538
597,23-03-2020,17:00:00,ITA,3,Lombardia,45.46679409,9.190347404,9266,1183,10449,8461,18910,1555,6075,3776,28761,73242
598,23-03-2020,17:00:00,ITA,11,Marche,43.61675973,13.5188753,882,148,1030,1328,2358,148,8,203,2569,6782
599,23-03-2020,17:00:00,ITA,14,Molise,41.55774754,14.65916051,25,7,32,18,50,1,10,7,67,532
600,23-03-2020,17:00:00,ITA,1,Piemonte,45.0732745,7.680687483,2194,343,2537,1992,4529,441,17,315,4861,13560
601,23-03-2020,17:00:00,ITA,16,Puglia,41.12559576,16.86736689,285,45,330,532,862,120,7,37,906,6761
602,23-03-2020,17:00:00,ITA,20,Sardegna,39.21531192,9.110616306,76,18,94,249,343,20,5,11,359,2568
603,23-03-2020,17:00:00,ITA,19,Sicilia,38.11569725,13.3623567,250,60,310,371,681,91,27,13,721,6375
604,23-03-2020,17:00:00,ITA,9,Toscana,43.76923077,11.25588885,838,238,1076,1225,2301,184,51,109,2461,13851
605,23-03-2020,17:00:00,ITA,4,P.A. Trento,46.06893511,11.12123097,249,46,295,619,914,69,68,41,1023,3150
606,23-03-2020,17:00:00,ITA,10,Umbria,43.10675841,12.38824698,106,42,148,408,556,56,5,16,577,3561
607,23-03-2020,17:00:00,ITA,2,Valle d'Aosta,45.73750286,7.320149366,69,20,89,290,379,29,2,12,393,1098
608,23-03-2020,17:00:00,ITA,5,Veneto,45.43490485,12.33845213,1206,281,1487,3499,4986,383,327,192,5505,61115
609,24-03-2020,17:00:00,ITA,13,Abruzzo,42.35122196,13.39843823,234,57,291,331,622,26,21,46,689,4294
610,24-03-2020,17:00:00,ITA,17,Basilicata,40.63947052,15.80514834,14,12,26,65,91,2,0,1,92,744
611,24-03-2020,17:00:00,ITA,4,P.A. Bolzano,46.49933453,11.35662422,166,38,204,495,699,57,44,38,781,6509
612,24-03-2020,17:00:00,ITA,18,Calabria,38.90597598,16.59440194,88,21,109,195,304,27,5,10,319,4486
613,24-03-2020,17:00:00,ITA,15,Campania,40.83956555,14.25084984,345,181,526,466,992,75,53,56,1101,6297
614,24-03-2020,17:00:00,ITA,8,Emilia-Romagna,44.49436681,11.3417208,2974,291,3265,4446,7711,719,558,985,9254,33527
615,24-03-2020,17:00:00,ITA,6,Friuli Venezia Giulia,45.6494354,13.76813649,195,49,244,604,848,62,80,64,992,8526
616,24-03-2020,17:00:00,ITA,12,Lazio,41.89277044,12.48366722,747,94,841,704,1545,188,103,80,1728,18371
617,24-03-2020,17:00:00,ITA,7,Liguria,44.41149315,8.9326992,803,147,950,742,1692,192,193,231,2116,5992
618,24-03-2020,17:00:00,ITA,3,Lombardia,45.46679409,9.190347404,9711,1194,10905,8963,19868,1942,6657,4178,30703,76695
619,24-03-2020,17:00:00,ITA,11,Marche,43.61675973,13.5188753,862,149,1011,1486,2497,167,8,231,2736,7229
620,24-03-2020,17:00:00,ITA,14,Molise,41.55774754,14.65916051,27,7,34,21,55,6,10,8,73,572
621,24-03-2020,17:00:00,ITA,1,Piemonte,45.0732745,7.680687483,2404,360,2764,2360,5124,654,17,374,5515,15469
622,24-03-2020,17:00:00,ITA,16,Puglia,41.12559576,16.86736689,317,57,374,566,940,99,21,44,1005,7345
623,24-03-2020,17:00:00,ITA,20,Sardegna,39.21531192,9.110616306,80,19,99,296,395,62,11,15,421,2859
624,24-03-2020,17:00:00,ITA,19,Sicilia,38.11569725,13.3623567,250,60,310,489,799,125,27,20,846,7170
625,24-03-2020,17:00:00,ITA,9,Toscana,43.76923077,11.25588885,918,244,1162,1357,2519,238,51,129,2699,15701
626,24-03-2020,17:00:00,ITA,4,P.A. Trento,46.06893511,11.12123097,308,49,357,618,975,87,79,56,1110,3712
627,24-03-2020,17:00:00,ITA,10,Umbria,43.10675841,12.38824698,105,43,148,476,624,71,5,19,648,4108
628,24-03-2020,17:00:00,ITA,2,Valle d'Aosta,45.73750286,7.320149366,71,20,91,288,379,7,2,19,400,1180
629,24-03-2020,17:00:00,ITA,5,Veneto,45.43490485,12.33845213,1318,304,1622,3729,5351,443,381,216,5948,66178
630,25-03-2020,17:00:00,ITA,13,Abruzzo,42.35122196,13.39843823,248,59,307,431,738,124,23,52,813,4982
631,25-03-2020,17:00:00,ITA,17,Basilicata,40.63947052,15.80514834,20,14,34,78,112,21,0,1,113,857
632,25-03-2020,17:00:00,ITA,4,P.A. Bolzano,46.49933453,11.35662422,190,40,230,518,748,77,67,43,858,6649
633,25-03-2020,17:00:00,ITA,18,Calabria,38.90597598,16.59440194,93,23,116,217,333,32,7,11,351,5058
634,25-03-2020,17:00:00,ITA,15,Campania,40.83956555,14.25084984,318,123,441,631,1072,98,53,74,1199,6972
635,25-03-2020,17:00:00,ITA,8,Emilia-Romagna,44.49436681,11.3417208,3180,294,3474,4782,8256,800,721,1077,10054,38045
636,25-03-2020,17:00:00,ITA,6,Friuli Venezia Giulia,45.6494354,13.76813649,200,52,252,659,911,147,158,70,1139,9494
637,25-03-2020,17:00:00,ITA,12,Lazio,41.89277044,12.48366722,805,101,906,769,1675,173,131,95,1901,20669
638,25-03-2020,17:00:00,ITA,7,Liguria,44.41149315,8.9326992,927,147,1074,752,1826,189,225,254,2305,6602
639,25-03-2020,17:00:00,ITA,3,Lombardia,45.46679409,9.190347404,10026,1236,11262,9329,20591,1643,7281,4474,32346,81666
640,25-03-2020,17:00:00,ITA,11,Marche,43.61675973,13.5188753,938,148,1086,1553,2639,198,8,287,2934,7896
641,25-03-2020,17:00:00,ITA,14,Molise,41.55774754,14.65916051,26,7,33,20,53,0,12,8,73,580
642,25-03-2020,17:00:00,ITA,1,Piemonte,45.0732745,7.680687483,2544,381,2925,2631,5556,509,19,449,6024,16655
643,25-03-2020,17:00:00,ITA,16,Puglia,41.12559576,16.86736689,349,64,413,610,1023,88,22,48,1093,8223
644,25-03-2020,17:00:00,ITA,20,Sardegna,39.21531192,9.110616306,82,19,101,311,412,21,12,18,442,3019
645,25-03-2020,17:00:00,ITA,19,Sicilia,38.11569725,13.3623567,259,80,339,597,936,148,33,25,994,8312
646,25-03-2020,17:00:00,ITA,9,Toscana,43.76923077,11.25588885,999,251,1250,1526,2776,273,54,142,2972,17868
647,25-03-2020,17:00:00,ITA,4,P.A. Trento,46.06893511,11.12123097,308,65,373,685,1058,112,90,74,1222,4114
648,25-03-2020,17:00:00,ITA,10,Umbria,43.10675841,12.38824698,123,44,167,519,686,62,5,19,710,4707
649,25-03-2020,17:00:00,ITA,2,Valle d'Aosta,45.73750286,7.320149366,70,25,95,280,375,1,2,24,401,1200
650,25-03-2020,17:00:00,ITA,5,Veneto,45.43490485,12.33845213,1407,316,1723,4022,5745,494,439,258,6442,70877
651,26-03-2020,17:00:00,ITA,13,Abruzzo,42.35122196,13.39843823,280,64,344,516,860,133,23,63,946,5488
652,26-03-2020,17:00:00,ITA,17,Basilicata,40.63947052,15.80514834,22,16,38,95,133,21,0,1,134,1046
653,26-03-2020,17:00:00,ITA,4,P.A. Bolzano,46.49933453,11.35662422,223,43,266,525,791,48,67,48,906,7744
654,26-03-2020,17:00:00,ITA,18,Calabria,38.90597598,16.59440194,101,23,124,248,372,42,7,14,393,5933
655,26-03-2020,17:00:00,ITA,15,Campania,40.83956555,14.25084984,448,114,562,607,1169,111,58,83,1310,8346
656,26-03-2020,17:00:00,ITA,8,Emilia-Romagna,44.49436681,11.3417208,3354,301,3655,5195,8850,762,792,1174,10816,42395
657,26-03-2020,17:00:00,ITA,6,Friuli Venezia Giulia,45.6494354,13.76813649,212,54,266,688,954,84,197,72,1223,10721
658,26-03-2020,17:00:00,ITA,12,Lazio,41.89277044,12.48366722,878,113,991,844,1835,195,155,106,2096,22771
659,26-03-2020,17:00:00,ITA,7,Liguria,44.41149315,8.9326992,998,154,1152,875,2027,262,260,280,2567,7304
660,26-03-2020,17:00:00,ITA,3,Lombardia,45.46679409,9.190347404,10681,1263,11944,10245,22189,2543,7839,4861,34889,87713
661,26-03-2020,17:00:00,ITA,11,Marche,43.61675973,13.5188753,977,166,1143,1652,2795,180,9,310,3114,8623
662,26-03-2020,17:00:00,ITA,14,Molise,41.55774754,14.65916051,27,8,35,46,81,30,14,8,103,670
663,26-03-2020,17:00:00,ITA,1,Piemonte,45.0732745,7.680687483,2633,408,3041,2909,5950,510,135,449,6534,18054
664,26-03-2020,17:00:00,ITA,16,Puglia,41.12559576,16.86736689,480,76,556,539,1095,89,22,65,1182,9191
665,26-03-2020,17:00:00,ITA,20,Sardegna,39.21531192,9.110616306,92,20,112,350,462,52,13,19,494,3461
666,26-03-2020,17:00:00,ITA,19,Sicilia,38.11569725,13.3623567,346,68,414,681,1095,170,36,33,1164,9658
667,26-03-2020,17:00:00,ITA,9,Toscana,43.76923077,11.25588885,1037,259,1296,1677,2973,254,95,158,3226,20952
668,26-03-2020,17:00:00,ITA,4,P.A. Trento,46.06893511,11.12123097,300,66,366,728,1094,75,117,86,1297,4600
669,26-03-2020,17:00:00,ITA,10,Umbria,43.10675841,12.38824698,144,46,190,580,770,92,12,20,802,5428
670,26-03-2020,17:00:00,ITA,2,Valle d'Aosta,45.73750286,7.320149366,73,24,97,281,378,7,2,28,408,1203
671,26-03-2020,17:00:00,ITA,5,Veneto,45.43490485,12.33845213,1447,326,1773,4367,6140,493,508,287,6935,79759
672,27-03-2020,17:00:00,ITA,13,Abruzzo,42.35122196,13.39843823,289,71,360,565,925,71,24,68,1017,6109
673,27-03-2020,17:00:00,ITA,17,Basilicata,40.63947052,15.80514834,22,15,37,110,147,17,1,3,151,1254
674,27-03-2020,17:00:00,ITA,4,P.A. Bolzano,46.49933453,11.35662422,249,45,294,539,833,97,110,60,1003,8520
675,27-03-2020,17:00:00,ITA,18,Calabria,38.90597598,16.59440194,103,22,125,344,469,101,7,18,494,6901
676,27-03-2020,17:00:00,ITA,15,Campania,40.83956555,14.25084984,456,113,569,723,1292,144,64,98,1454,9613
677,27-03-2020,17:00:00,ITA,8,Emilia-Romagna,44.49436681,11.3417208,3461,308,3769,5592,9361,772,960,1267,11588,47798
678,27-03-2020,17:00:00,ITA,6,Friuli Venezia Giulia,45.6494354,13.76813649,222,57,279,748,1027,94,214,76,1317,11841
679,27-03-2020,17:00:00,ITA,12,Lazio,41.89277044,12.48366722,992,126,1118,895,2013,199,164,118,2295,24106
680,27-03-2020,17:00:00,ITA,7,Liguria,44.41149315,8.9326992,1023,157,1180,880,2060,129,305,331,2696,7804
681,27-03-2020,17:00:00,ITA,3,Lombardia,45.46679409,9.190347404,11137,1292,12429,11466,23895,2409,8001,5402,37298,95860
682,27-03-2020,17:00:00,ITA,11,Marche,43.61675973,13.5188753,979,162,1141,1709,2850,82,10,336,3196,9060
683,27-03-2020,17:00:00,ITA,14,Molise,41.55774754,14.65916051,26,9,35,51,86,6,14,9,109,710
684,27-03-2020,17:00:00,ITA,1,Piemonte,45.0732745,7.680687483,2852,431,3283,3064,6347,558,176,569,7092,19705
685,27-03-2020,17:00:00,ITA,16,Puglia,41.12559576,16.86736689,530,82,612,624,1236,152,29,69,1334,10233
686,27-03-2020,17:00:00,ITA,20,Sardegna,39.21531192,9.110616306,93,19,112,384,496,36,13,21,530,3801
687,27-03-2020,17:00:00,ITA,19,Sicilia,38.11569725,13.3623567,425,75,500,658,1158,86,53,39,1250,11079
688,27-03-2020,17:00:00,ITA,9,Toscana,43.76923077,11.25588885,1053,274,1327,1843,3170,224,103,177,3450,23746
689,27-03-2020,17:00:00,ITA,4,P.A. Trento,46.06893511,11.12123097,341,66,407,757,1164,94,125,102,1391,4923
690,27-03-2020,17:00:00,ITA,10,Umbria,43.10675841,12.38824698,149,46,195,629,824,82,39,21,884,6137
691,27-03-2020,17:00:00,ITA,2,Valle d'Aosta,45.73750286,7.320149366,91,24,115,298,413,44,2,37,452,1252
692,27-03-2020,17:00:00,ITA,5,Veneto,45.43490485,12.33845213,1536,338,1874,4774,6648,562,536,313,7497,83627
693,28-03-2020,17:00:00,ITA,13,Abruzzo,42.35122196,13.39843823,311,70,381,646,1027,116,30,76,1133,7003
694,28-03-2020,17:00:00,ITA,17,Basilicata,40.63947052,15.80514834,26,19,45,133,178,31,1,3,182,1421
695,28-03-2020,17:00:00,ITA,4,P.A. Bolzano,46.49933453,11.35662422,225,51,276,653,929,106,116,64,1109,9168
696,28-03-2020,17:00:00,ITA,18,Calabria,38.90597598,16.59440194,107,22,129,394,523,61,11,21,555,7760
697,28-03-2020,17:00:00,ITA,15,Campania,40.83956555,14.25084984,463,132,595,812,1407,138,76,109,1592,10616
698,28-03-2020,17:00:00,ITA,8,Emilia-Romagna,44.49436681,11.3417208,3695,316,4011,5953,9964,795,1075,1344,12383,52991
699,28-03-2020,17:00:00,ITA,6,Friuli Venezia Giulia,45.6494354,13.76813649,223,59,282,838,1120,119,229,87,1436,12723
700,28-03-2020,17:00:00,ITA,12,Lazio,41.89277044,12.48366722,985,133,1118,1063,2181,210,200,124,2505,27179
701,28-03-2020,17:00:00,ITA,7,Liguria,44.41149315,8.9326992,1031,167,1198,888,2086,126,378,358,2822,8177
702,28-03-2020,17:00:00,ITA,3,Lombardia,45.46679409,9.190347404,11152,1319,12471,12038,24509,2117,8962,5944,39415,102503
703,28-03-2020,17:00:00,ITA,11,Marche,43.61675973,13.5188753,987,166,1153,1846,2999,177,10,364,3373,9884
704,28-03-2020,17:00:00,ITA,14,Molise,41.55774754,14.65916051,26,9,35,63,98,14,16,9,123,807
705,28-03-2020,17:00:00,ITA,1,Piemonte,45.0732745,7.680687483,3094,439,3533,3318,6851,579,203,617,7671,21511
706,28-03-2020,17:00:00,ITA,16,Puglia,41.12559576,16.86736689,563,98,661,697,1358,124,29,71,1458,11500
707,28-03-2020,17:00:00,ITA,20,Sardegna,39.21531192,9.110616306,95,22,117,452,569,94,29,26,624,4225
708,28-03-2020,17:00:00,ITA,19,Sicilia,38.11569725,13.3623567,441,71,512,730,1242,109,60,57,1359,13096
709,28-03-2020,17:00:00,ITA,9,Toscana,43.76923077,11.25588885,1093,277,1370,2141,3511,367,108,198,3817,25613
710,28-03-2020,17:00:00,ITA,4,P.A. Trento,46.06893511,11.12123097,351,72,423,811,1234,114,151,120,1505,5561
711,28-03-2020,17:00:00,ITA,10,Umbria,43.10675841,12.38824698,159,44,203,695,898,85,43,28,969,7028
712,28-03-2020,17:00:00,ITA,2,Valle d'Aosta,45.73750286,7.320149366,90,26,116,352,468,59,2,41,511,1380
713,28-03-2020,17:00:00,ITA,5,Veneto,45.43490485,12.33845213,1559,344,1903,5010,6913,433,655,362,7930,89380
714,29-03-2020,17:00:00,ITA,13,Abruzzo,42.35122196,13.39843823,329,68,397,772,1169,160,36,88,1293,7730
715,29-03-2020,17:00:00,ITA,17,Basilicata,40.63947052,15.80514834,32,18,50,147,197,20,1,4,202,1585
716,29-03-2020,17:00:00,ITA,4,P.A. Bolzano,46.49933453,11.35662422,234,56,290,744,1034,105,116,64,1214,10137
717,29-03-2020,17:00:00,ITA,18,Calabria,38.90597598,16.59440194,124,19,143,434,577,59,12,25,614,8485
718,29-03-2020,17:00:00,ITA,15,Campania,40.83956555,14.25084984,476,135,611,945,1556,167,86,117,1759,11805
719,29-03-2020,17:00:00,ITA,8,Emilia-Romagna,44.49436681,11.3417208,3769,333,4102,6433,10535,736,1141,1443,13119,52991
720,29-03-2020,17:00:00,ITA,6,Friuli Venezia Giulia,45.6494354,13.76813649,236,60,296,845,1141,44,241,98,1480,13397
721,29-03-2020,17:00:00,ITA,12,Lazio,41.89277044,12.48366722,1062,133,1195,1167,2362,201,208,136,2706,27744
722,29-03-2020,17:00:00,ITA,7,Liguria,44.41149315,8.9326992,1077,166,1243,1036,2279,254,420,377,3076,9100
723,29-03-2020,17:00:00,ITA,3,Lombardia,45.46679409,9.190347404,11613,1328,12941,12451,25392,1592,9255,6360,41007,107398
724,29-03-2020,17:00:00,ITA,11,Marche,43.61675973,13.5188753,1000,168,1168,1992,3160,185,12,386,3558,10431
725,29-03-2020,17:00:00,ITA,14,Molise,41.55774754,14.65916051,25,9,34,66,100,4,18,9,127,918
726,29-03-2020,17:00:00,ITA,1,Piemonte,45.0732745,7.680687483,2985,443,3428,3840,7268,535,254,684,8206,24058
727,29-03-2020,17:00:00,ITA,16,Puglia,41.12559576,16.86736689,559,99,658,774,1432,91,31,86,1549,12361
728,29-03-2020,17:00:00,ITA,20,Sardegna,39.21531192,9.110616306,105,23,128,454,582,14,29,27,638,4598
729,29-03-2020,17:00:00,ITA,19,Sicilia,38.11569725,13.3623567,451,71,522,808,1330,101,65,65,1460,13814
730,29-03-2020,17:00:00,ITA,9,Toscana,43.76923077,11.25588885,1111,275,1386,2400,3786,305,121,215,4122,27579
731,29-03-2020,17:00:00,ITA,4,P.A. Trento,46.06893511,11.12123097,356,75,431,862,1293,89,172,129,1594,5950
732,29-03-2020,17:00:00,ITA,10,Umbria,43.10675841,12.38824698,166,46,212,685,897,54,95,31,1023,7685
733,29-03-2020,17:00:00,ITA,2,Valle d'Aosta,45.73750286,7.320149366,90,26,116,423,539,73,2,43,584,1480
734,29-03-2020,17:00:00,ITA,5,Veneto,45.43490485,12.33845213,1586,355,1941,5310,7251,428,715,392,8358,94784
735,30-03-2020,17:00:00,ITA,13,Abruzzo,42.35122196,13.39843823,322,69,391,778,1169,52,74,102,1345,7948
736,30-03-2020,17:00:00,ITA,17,Basilicata,40.63947052,15.80514834,36,18,54,154,208,12,1,5,214,1833
737,30-03-2020,17:00:00,ITA,4,P.A. Bolzano,46.49933453,11.35662422,231,62,293,805,1098,111,153,74,1325,10640
738,30-03-2020,17:00:00,ITA,18,Calabria,38.90597598,16.59440194,130,18,148,454,602,33,14,31,647,9013
739,30-03-2020,17:00:00,ITA,15,Campania,40.83956555,14.25084984,468,126,594,1145,1739,193,88,125,1952,12969
740,30-03-2020,17:00:00,ITA,8,Emilia-Romagna,44.49436681,11.3417208,3779,351,4130,6636,10766,412,1227,1538,13531,50990
741,30-03-2020,17:00:00,ITA,6,Friuli Venezia Giulia,45.6494354,13.76813649,229,60,289,820,1109,21,285,107,1501,14003
742,30-03-2020,17:00:00,ITA,12,Lazio,41.89277044,12.48366722,1079,154,1233,1264,2497,208,267,150,2914,32846
743,30-03-2020,17:00:00,ITA,7,Liguria,44.41149315,8.9326992,1142,175,1317,1066,2383,141,437,397,3217,9677
744,30-03-2020,17:00:00,ITA,3,Lombardia,45.46679409,9.190347404,11815,1330,13145,11861,25006,1154,10337,6818,42161,111057
745,30-03-2020,17:00:00,ITA,11,Marche,43.61675973,13.5188753,998,167,1165,2086,3251,126,16,417,3684,10979
746,30-03-2020,17:00:00,ITA,14,Molise,41.55774754,14.65916051,27,8,35,72,107,7,18,9,134,955
747,30-03-2020,17:00:00,ITA,1,Piemonte,45.0732745,7.680687483,2985,452,3437,4218,7655,506,308,749,8712,25478
748,30-03-2020,17:00:00,ITA,16,Puglia,41.12559576,16.86736689,590,106,696,889,1585,163,36,91,1712,13117
749,30-03-2020,17:00:00,ITA,20,Sardegna,39.21531192,9.110616306,113,24,137,485,622,44,32,28,682,4993
750,30-03-2020,17:00:00,ITA,19,Sicilia,38.11569725,13.3623567,484,75,559,849,1408,95,71,76,1555,14758
751,30-03-2020,17:00:00,ITA,9,Toscana,43.76923077,11.25588885,1116,279,1395,2655,4050,290,131,231,4412,30099
752,30-03-2020,17:00:00,ITA,4,P.A. Trento,46.06893511,11.12123097,353,78,431,926,1357,88,178,147,1682,6377
753,30-03-2020,17:00:00,ITA,10,Umbria,43.10675841,12.38824698,173,47,220,614,834,28,184,33,1051,8150
754,30-03-2020,17:00:00,ITA,2,Valle d'Aosta,45.73750286,7.320149366,92,26,118,400,518,0,16,50,584,1536
755,30-03-2020,17:00:00,ITA,5,Veneto,45.43490485,12.33845213,1633,356,1989,5575,7564,366,747,413,8724,99941
756,31-03-2020,17:00:00,ITA,13,Abruzzo,42.35122196,13.39843823,335,73,408,783,1191,56,95,115,1401,8758
757,31-03-2020,17:00:00,ITA,17,Basilicata,40.63947052,15.80514834,37,17,54,162,216,12,3,7,226,2043
758,31-03-2020,17:00:00,ITA,4,P.A. Bolzano,46.49933453,11.35662422,249,62,311,831,1142,46,153,76,1371,11275
759,31-03-2020,17:00:00,ITA,18,Calabria,38.90597598,16.59440194,132,17,149,457,606,12,17,36,659,9327
760,31-03-2020,17:00:00,ITA,15,Campania,40.83956555,14.25084984,501,133,634,1237,1871,140,88,133,2092,14403
761,31-03-2020,17:00:00,ITA,8,Emilia-Romagna,44.49436681,11.3417208,3765,353,4118,6835,10953,543,1477,1644,14074,54532
762,31-03-2020,17:00:00,ITA,6,Friuli Venezia Giulia,45.6494354,13.76813649,215,60,275,885,1160,92,320,113,1593,14899
763,31-03-2020,17:00:00,ITA,12,Lazio,41.89277044,12.48366722,1127,173,1300,1342,2642,181,291,162,3095,34677
764,31-03-2020,17:00:00,ITA,7,Liguria,44.41149315,8.9326992,1153,179,1332,1176,2508,199,480,428,3416,10376
765,31-03-2020,17:00:00,ITA,3,Lombardia,45.46679409,9.190347404,11883,1324,13207,11917,25124,1047,10885,7199,43208,114640
766,31-03-2020,17:00:00,ITA,11,Marche,43.61675973,13.5188753,946,169,1115,2237,3352,141,21,452,3825,11724
767,31-03-2020,17:00:00,ITA,14,Molise,41.55774754,14.65916051,29,8,37,80,117,10,18,9,144,1049
768,31-03-2020,17:00:00,ITA,1,Piemonte,45.0732745,7.680687483,3174,452,3626,4456,8082,589,365,854,9301,27658
769,31-03-2020,17:00:00,ITA,16,Puglia,41.12559576,16.86736689,609,105,714,940,1654,91,39,110,1803,14073
770,31-03-2020,17:00:00,ITA,20,Sardegna,39.21531192,9.110616306,113,28,141,516,657,40,34,31,722,5257
771,31-03-2020,17:00:00,ITA,19,Sicilia,38.11569725,13.3623567,503,72,575,917,1492,92,74,81,1647,15634
772,31-03-2020,17:00:00,ITA,9,Toscana,43.76923077,11.25588885,1120,293,1413,2813,4226,196,138,244,4608,33165
773,31-03-2020,17:00:00,ITA,4,P.A. Trento,46.06893511,11.12123097,354,80,434,955,1389,64,193,164,1746,6973
774,31-03-2020,17:00:00,ITA,10,Umbria,43.10675841,12.38824698,176,43,219,632,851,27,190,37,1078,8685
775,31-03-2020,17:00:00,ITA,2,Valle d'Aosta,45.73750286,7.320149366,91,26,117,435,552,44,20,56,628,1582
776,31-03-2020,17:00:00,ITA,5,Veneto,45.43490485,12.33845213,1680,356,2036,5814,7850,431,828,477,9155,106238
777,01-04-2020,17:00:00,ITA,13,Abruzzo,42.35122196,13.39843823,342,71,413,798,1211,35,102,123,1436,9610
778,01-04-2020,17:00:00,ITA,17,Basilicata,40.63947052,15.80514834,39,15,54,171,225,11,3,9,237,2262
779,01-04-2020,17:00:00,ITA,4,P.A. Bolzano,46.49933453,11.35662422,269,57,326,786,1112,47,190,116,1418,11951
780,01-04-2020,17:00:00,ITA,18,Calabria,38.90597598,16.59440194,144,16,160,450,610,10,21,38,669,9983
781,01-04-2020,17:00:00,ITA,15,Campania,40.83956555,14.25084984,478,129,607,1369,1976,139,107,148,2231,15728
782,01-04-2020,17:00:00,ITA,8,Emilia-Romagna,44.49436681,11.3417208,3898,359,4257,7232,11489,713,1566,1732,14787,58457
783,01-04-2020,17:00:00,ITA,6,Friuli Venezia Giulia,45.6494354,13.76813649,206,60,266,940,1206,92,357,122,1685,15987
784,01-04-2020,17:00:00,ITA,12,Lazio,41.89277044,12.48366722,1131,177,1308,1450,2758,169,337,169,3264,35810
785,01-04-2020,17:00:00,ITA,7,Liguria,44.41149315,8.9326992,1114,179,1293,1352,2645,244,555,460,3660,11334
786,01-04-2020,17:00:00,ITA,3,Lombardia,45.46679409,9.190347404,11927,1342,13269,12496,25765,1565,11415,7593,44773,121449
787,01-04-2020,17:00:00,ITA,11,Marche,43.61675973,13.5188753,984,168,1152,2304,3456,137,29,477,3962,12296
788,01-04-2020,17:00:00,ITA,14,Molise,41.55774754,14.65916051,32,8,40,91,131,16,19,10,160,1157
789,01-04-2020,17:00:00,ITA,1,Piemonte,45.0732745,7.680687483,3146,453,3599,4871,8470,494,439,886,9795,30060
790,01-04-2020,17:00:00,ITA,16,Puglia,41.12559576,16.86736689,637,107,744,1012,1756,143,61,129,1946,15209
791,01-04-2020,17:00:00,ITA,20,Sardegna,39.21531192,9.110616306,119,27,146,529,675,23,36,34,745,5501
792,01-04-2020,17:00:00,ITA,19,Sicilia,38.11569725,13.3623567,496,72,568,976,1544,71,86,88,1718,16836
793,01-04-2020,17:00:00,ITA,9,Toscana,43.76923077,11.25588885,1120,297,1417,3015,4432,259,182,253,4867,36575
794,01-04-2020,17:00:00,ITA,4,P.A. Trento,46.06893511,11.12123097,345,76,421,1062,1483,124,214,173,1870,7675
795,01-04-2020,17:00:00,ITA,10,Umbria,43.10675841,12.38824698,173,45,218,646,864,17,194,37,1095,9080
796,01-04-2020,17:00:00,ITA,2,Valle d'Aosta,45.73750286,7.320149366,85,27,112,428,540,3,32,59,631,1717
797,01-04-2020,17:00:00,ITA,5,Veneto,45.43490485,12.33845213,1718,350,2068,6156,8224,470,902,499,9625,112746
798,02-04-2020,17:00:00,ITA,13,Abruzzo,42.35122196,13.39843823,341,75,416,835,1251,61,113,133,1497,10647
799,02-04-2020,17:00:00,ITA,17,Basilicata,40.63947052,15.80514834,38,19,57,176,233,9,3,10,246,2427
800,02-04-2020,17:00:00,ITA,4,P.A. Bolzano,46.49933453,11.35662422,279,60,339,821,1160,61,190,129,1479,12677
801,02-04-2020,17:00:00,ITA,18,Calabria,38.90597598,16.59440194,163,19,182,445,627,22,23,41,691,10679
802,02-04-2020,17:00:00,ITA,15,Campania,40.83956555,14.25084984,503,120,623,1517,2140,225,149,167,2456,17404
803,02-04-2020,17:00:00,ITA,8,Emilia-Romagna,44.49436681,11.3417208,3944,366,4310,7549,11859,546,1663,1811,15333,60507
804,02-04-2020,17:00:00,ITA,6,Friuli Venezia Giulia,45.6494354,13.76813649,199,60,259,1035,1294,114,376,129,1799,17121
805,02-04-2020,17:00:00,ITA,12,Lazio,41.89277044,12.48366722,1169,181,1350,1529,2879,169,369,185,3433,41575
806,02-04-2020,17:00:00,ITA,7,Liguria,44.41149315,8.9326992,1120,172,1292,1368,2660,122,634,488,3782,12069
807,02-04-2020,17:00:00,ITA,3,Lombardia,45.46679409,9.190347404,11762,1351,13113,12763,25876,1292,12229,7960,46065,128286
808,02-04-2020,17:00:00,ITA,11,Marche,43.61675973,13.5188753,986,164,1150,2405,3555,136,40,503,4098,12943
809,02-04-2020,17:00:00,ITA,14,Molise,41.55774754,14.65916051,30,8,38,95,133,5,21,11,165,1229
810,02-04-2020,17:00:00,ITA,1,Piemonte,45.0732745,7.680687483,3341,453,3794,5005,8799,558,571,983,10353,32100
811,02-04-2020,17:00:00,ITA,16,Puglia,41.12559576,16.86736689,645,118,763,1101,1864,131,69,144,2077,16554
812,02-04-2020,17:00:00,ITA,20,Sardegna,39.21531192,9.110616306,117,24,141,577,718,49,36,40,794,5970
813,02-04-2020,17:00:00,ITA,19,Sicilia,38.11569725,13.3623567,503,73,576,1030,1606,73,92,93,1791,17833
814,02-04-2020,17:00:00,ITA,9,Toscana,43.76923077,11.25588885,1135,295,1430,3359,4789,406,216,268,5273,40724
815,02-04-2020,17:00:00,ITA,4,P.A. Trento,46.06893511,11.12123097,339,78,417,1170,1587,133,229,187,2003,8496
816,02-04-2020,17:00:00,ITA,10,Umbria,43.10675841,12.38824698,171,47,218,667,885,33,205,38,1128,9737
817,02-04-2020,17:00:00,ITA,2,Valle d'Aosta,45.73750286,7.320149366,85,25,110,446,556,37,49,63,668,1934
818,02-04-2020,17:00:00,ITA,5,Veneto,45.43490485,12.33845213,1670,345,2015,6563,8578,486,1001,532,10111,120320
819,03-04-2020,17:00:00,ITA,13,Abruzzo,42.35122196,13.39843823,361,76,437,864,1301,66,116,146,1563,11890
820,03-04-2020,17:00:00,ITA,17,Basilicata,40.63947052,15.80514834,41,19,60,187,247,15,3,11,261,2622
821,03-04-2020,17:00:00,ITA,4,P.A. Bolzano,46.49933453,11.35662422,291,60,351,858,1209,80,211,139,1559,13976
822,03-04-2020,17:00:00,ITA,18,Calabria,38.90597598,16.59440194,183,17,200,462,662,42,26,45,733,11608
823,03-04-2020,17:00:00,ITA,15,Campania,40.83956555,14.25084984,532,115,647,1705,2352,221,144,181,2677,19237
824,03-04-2020,17:00:00,ITA,8,Emilia-Romagna,44.49436681,11.3417208,3915,364,4279,7899,12178,599,1852,1902,15932,63682
825,03-04-2020,17:00:00,ITA,6,Friuli Venezia Giulia,45.6494354,13.76813649,201,61,262,1062,1324,80,419,136,1879,19985
826,03-04-2020,17:00:00,ITA,12,Lazio,41.89277044,12.48366722,1194,188,1382,1627,3009,167,392,199,3600,43776
827,03-04-2020,17:00:00,ITA,7,Liguria,44.41149315,8.9326992,1147,173,1320,1426,2746,183,700,519,3965,12934
828,03-04-2020,17:00:00,ITA,3,Lombardia,45.46679409,9.190347404,11802,1381,13183,13006,26189,1455,13020,8311,47520,135051
829,03-04-2020,17:00:00,ITA,11,Marche,43.61675973,13.5188753,982,158,1140,2491,3631,132,42,557,4230,13678
830,03-04-2020,17:00:00,ITA,14,Molise,41.55774754,14.65916051,31,8,39,105,144,11,21,11,176,1378
831,03-04-2020,17:00:00,ITA,1,Piemonte,45.0732745,7.680687483,3300,452,3752,5378,9130,543,723,1043,10896,34281
832,03-04-2020,17:00:00,ITA,16,Puglia,41.12559576,16.86736689,648,123,771,1178,1949,105,69,164,2182,17924
833,03-04-2020,17:00:00,ITA,20,Sardegna,39.21531192,9.110616306,122,24,146,598,744,31,40,41,825,6478
834,03-04-2020,17:00:00,ITA,19,Sicilia,38.11569725,13.3623567,535,73,608,1056,1664,68,94,101,1859,18686
835,03-04-2020,17:00:00,ITA,9,Toscana,43.76923077,11.25588885,1149,288,1437,3472,4909,226,300,290,5499,44460
836,03-04-2020,17:00:00,ITA,4,P.A. Trento,46.06893511,11.12123097,343,80,423,1236,1659,106,246,204,2109,8993
837,03-04-2020,17:00:00,ITA,10,Umbria,43.10675841,12.38824698,165,48,213,707,920,51,220,39,1179,10614
838,03-04-2020,17:00:00,ITA,2,Valle d'Aosta,45.73750286,7.320149366,85,25,110,450,560,51,89,70,719,2106
839,03-04-2020,17:00:00,ITA,5,Veneto,45.43490485,12.33845213,1714,335,2049,6812,8861,353,1031,572,10464,126490
840,04-04-2020,17:00:00,ITA,13,Abruzzo,42.35122196,13.39843823,354,71,425,931,1356,65,119,153,1628,12837
841,04-04-2020,17:00:00,ITA,17,Basilicata,40.63947052,15.80514834,44,19,63,181,244,3,9,11,264,2765
842,04-04-2020,17:00:00,ITA,4,P.A. Bolzano,46.49933453,11.35662422,291,61,352,849,1201,33,245,146,1592,15045
843,04-04-2020,17:00:00,ITA,18,Calabria,38.90597598,16.59440194,178,15,193,469,662,8,30,49,741,12314
844,04-04-2020,17:00:00,ITA,15,Campania,40.83956555,14.25084984,567,114,681,1815,2496,151,146,186,2828,21534
845,04-04-2020,17:00:00,ITA,8,Emilia-Romagna,44.49436681,11.3417208,3859,358,4217,8306,12523,608,2040,1977,16540,67075
846,04-04-2020,17:00:00,ITA,6,Friuli Venezia Giulia,45.6494354,13.76813649,183,50,233,1103,1336,107,505,145,1986,21126
847,04-04-2020,17:00:00,ITA,12,Lazio,41.89277044,12.48366722,1236,193,1429,1677,3106,157,439,212,3757,44624
848,04-04-2020,17:00:00,ITA,7,Liguria,44.41149315,8.9326992,1121,169,1290,1604,2894,238,767,542,4203,14087
849,04-04-2020,17:00:00,ITA,3,Lombardia,45.46679409,9.190347404,12002,1326,13328,13892,27220,1598,13242,8656,49118,141877
850,04-04-2020,17:00:00,ITA,11,Marche,43.61675973,13.5188753,997,153,1150,2347,3497,111,270,574,4341,14472
851,04-04-2020,17:00:00,ITA,14,Molise,41.55774754,14.65916051,31,6,37,134,171,30,24,11,206,1504
852,04-04-2020,17:00:00,ITA,1,Piemonte,45.0732745,7.680687483,3441,450,3891,5802,9693,813,888,1128,11709,37181
853,04-04-2020,17:00:00,ITA,16,Puglia,41.12559576,16.86736689,627,153,780,1193,1973,58,94,173,2240,18977
854,04-04-2020,17:00:00,ITA,20,Sardegna,39.21531192,9.110616306,123,24,147,642,789,49,44,41,874,6789
855,04-04-2020,17:00:00,ITA,19,Sicilia,38.11569725,13.3623567,553,74,627,1099,1726,73,95,111,1932,19896
856,04-04-2020,17:00:00,ITA,9,Toscana,43.76923077,11.25588885,1129,286,1415,3639,5054,172,310,307,5671,47886
857,04-04-2020,17:00:00,ITA,4,P.A. Trento,46.06893511,11.12123097,353,81,434,1319,1753,111,257,210,2220,9863
858,04-04-2020,17:00:00,ITA,10,Umbria,43.10675841,12.38824698,167,44,211,716,927,31,242,41,1210,11809
859,04-04-2020,17:00:00,ITA,2,Valle d'Aosta,45.73750286,7.320149366,63,23,86,474,560,29,106,82,748,2274
860,04-04-2020,17:00:00,ITA,5,Veneto,45.43490485,12.33845213,1691,324,2015,7078,9093,360,1124,607,10824,133289
861,05-04-2020,17:00:00,ITA,13,Abruzzo,42.35122196,13.39843823,347,67,414,1006,1420,75,125,158,1703,13598
862,05-04-2020,17:00:00,ITA,17,Basilicata,40.63947052,15.80514834,46,18,64,190,254,14,11,13,278,2931
863,05-04-2020,17:00:00,ITA,4,P.A. Bolzano,46.49933453,11.35662422,239,53,292,934,1226,52,260,158,1644,15723
864,05-04-2020,17:00:00,ITA,18,Calabria,38.90597598,16.59440194,174,13,187,519,706,54,33,56,795,13077
865,05-04-2020,17:00:00,ITA,15,Campania,40.83956555,14.25084984,609,108,717,1904,2621,132,150,189,2960,23139
866,05-04-2020,17:00:00,ITA,8,Emilia-Romagna,44.49436681,11.3417208,3839,375,4214,8623,12837,549,2201,2051,17089,69986
867,05-04-2020,17:00:00,ITA,6,Friuli Venezia Giulia,45.6494354,13.76813649,185,50,235,1128,1363,62,531,154,2048,21652
868,05-04-2020,17:00:00,ITA,12,Lazio,41.89277044,12.48366722,1235,197,1432,1754,3186,123,475,219,3880,44658
869,05-04-2020,17:00:00,ITA,7,Liguria,44.41149315,8.9326992,1126,165,1291,1802,3093,246,800,556,4449,15047
870,05-04-2020,17:00:00,ITA,3,Lombardia,45.46679409,9.190347404,12009,1317,13326,14798,28124,1337,13426,8905,50455,149984
871,05-04-2020,17:00:00,ITA,11,Marche,43.61675973,13.5188753,987,151,1138,2440,3578,123,287,599,4464,15252
872,05-04-2020,17:00:00,ITA,14,Molise,41.55774754,14.65916051,33,6,39,148,187,18,24,13,224,1504
873,05-04-2020,17:00:00,ITA,1,Piemonte,45.0732745,7.680687483,3472,444,3916,6261,10177,653,1017,1168,12362,38539
874,05-04-2020,17:00:00,ITA,16,Puglia,41.12559576,16.86736689,574,159,733,1289,2022,77,113,182,2317,20080
875,05-04-2020,17:00:00,ITA,20,Sardegna,39.21531192,9.110616306,126,25,151,664,815,33,49,43,907,7157
876,05-04-2020,17:00:00,ITA,19,Sicilia,38.11569725,13.3623567,556,76,632,1142,1774,62,104,116,1994,21904
877,05-04-2020,17:00:00,ITA,9,Toscana,43.76923077,11.25588885,1111,276,1387,3798,5185,176,337,325,5847,51006
878,05-04-2020,17:00:00,ITA,4,P.A. Trento,46.06893511,11.12123097,352,80,432,1363,1795,65,273,217,2285,10476
879,05-04-2020,17:00:00,ITA,10,Umbria,43.10675841,12.38824698,159,45,204,694,898,29,298,43,1239,12448
880,05-04-2020,17:00:00,ITA,2,Valle d'Aosta,45.73750286,7.320149366,96,23,119,457,576,34,115,91,782,2390
881,05-04-2020,17:00:00,ITA,5,Veneto,45.43490485,12.33845213,1674,329,2003,7406,9409,402,1186,631,11226,140910
882,06-04-2020,17:00:00,ITA,13,Abruzzo,42.35122196,13.39843823,340,66,406,1019,1425,18,127,169,1721,14198
883,06-04-2020,17:00:00,ITA,17,Basilicata,40.63947052,15.80514834,46,18,64,198,262,9,12,13,287,3061
884,06-04-2020,17:00:00,ITA,4,P.A. Bolzano,46.49933453,11.35662422,245,52,297,963,1260,78,298,164,1722,16825
885,06-04-2020,17:00:00,ITA,18,Calabria,38.90597598,16.59440194,170,14,184,538,722,22,37,58,817,13633
886,06-04-2020,17:00:00,ITA,15,Campania,40.83956555,14.25084984,610,101,711,1987,2698,98,156,204,3058,24526
887,06-04-2020,17:00:00,ITA,8,Emilia-Romagna,44.49436681,11.3417208,3804,372,4176,8875,13051,467,2397,2108,17556,72163
888,06-04-2020,17:00:00,ITA,6,Friuli Venezia Giulia,45.6494354,13.76813649,189,46,235,1161,1396,55,549,158,2103,22272
889,06-04-2020,17:00:00,ITA,12,Lazio,41.89277044,12.48366722,1235,197,1432,1868,3300,151,502,229,4031,47470
890,06-04-2020,17:00:00,ITA,7,Liguria,44.41149315,8.9326992,1141,162,1303,1814,3117,100,837,595,4549,15533
891,06-04-2020,17:00:00,ITA,3,Lombardia,45.46679409,9.190347404,11914,1343,13257,15212,28469,1079,13863,9202,51534,154989
892,06-04-2020,17:00:00,ITA,11,Marche,43.61675973,13.5188753,1001,140,1141,2565,3706,150,296,612,4614,15919
893,06-04-2020,17:00:00,ITA,14,Molise,41.55774754,14.65916051,34,5,39,148,187,0,24,13,224,1546
894,06-04-2020,17:00:00,ITA,1,Piemonte,45.0732745,7.680687483,3484,438,3922,6623,10545,562,1128,1251,12924,41123
895,06-04-2020,17:00:00,ITA,16,Puglia,41.12559576,16.86736689,625,97,722,1393,2115,127,134,195,2444,22059
896,06-04-2020,17:00:00,ITA,20,Sardegna,39.21531192,9.110616306,123,26,149,670,819,15,56,47,922,7521
897,06-04-2020,17:00:00,ITA,19,Sicilia,38.11569725,13.3623567,563,74,637,1178,1815,52,108,123,2046,23464
898,06-04-2020,17:00:00,ITA,9,Toscana,43.76923077,11.25588885,1116,279,1395,3906,5301,154,350,350,6001,52849
899,06-04-2020,17:00:00,ITA,4,P.A. Trento,46.06893511,11.12123097,354,79,433,1405,1838,63,280,230,2348,11130
900,06-04-2020,17:00:00,ITA,10,Umbria,43.10675841,12.38824698,159,46,205,667,872,14,337,44,1253,12573
901,06-04-2020,17:00:00,ITA,2,Valle d'Aosta,45.73750286,7.320149366,109,21,130,437,567,23,142,96,805,2590
902,06-04-2020,17:00:00,ITA,5,Veneto,45.43490485,12.33845213,1714,322,2036,7686,9722,362,1204,662,11588,146288
903,07-04-2020,17:00:00,ITA,13,Abruzzo,42.35122196,13.39843823,337,67,404,1087,1491,78,136,172,1799,14904
904,07-04-2020,17:00:00,ITA,17,Basilicata,40.63947052,15.80514834,47,17,64,201,265,4,12,14,291,3160
905,07-04-2020,17:00:00,ITA,4,P.A. Bolzano,46.49933453,11.35662422,325,64,389,912,1301,89,336,174,1811,17761
906,07-04-2020,17:00:00,ITA,18,Calabria,38.90597598,16.59440194,169,14,183,550,733,16,40,60,833,14072
907,07-04-2020,17:00:00,ITA,15,Campania,40.83956555,14.25084984,603,103,706,2059,2765,90,167,216,3148,25779
908,07-04-2020,17:00:00,ITA,8,Emilia-Romagna,44.49436681,11.3417208,3750,366,4116,8932,13048,269,2597,2180,17825,75191
909,07-04-2020,17:00:00,ITA,6,Friuli Venezia Giulia,45.6494354,13.76813649,185,44,229,1150,1379,50,610,164,2153,23536
910,07-04-2020,17:00:00,ITA,12,Lazio,41.89277044,12.48366722,1229,192,1421,1944,3365,118,546,238,4149,48874
911,07-04-2020,17:00:00,ITA,7,Liguria,44.41149315,8.9326992,1090,156,1246,1966,3212,208,925,620,4757,16579
912,07-04-2020,17:00:00,ITA,3,Lombardia,45.46679409,9.190347404,11833,1305,13138,15205,28343,791,14498,9484,52325,159331
913,07-04-2020,17:00:00,ITA,11,Marche,43.61675973,13.5188753,962,139,1101,2637,3738,96,342,630,4710,16619
914,07-04-2020,17:00:00,ITA,14,Molise,41.55774754,14.65916051,35,5,40,145,185,0,26,13,224,1581
915,07-04-2020,17:00:00,ITA,1,Piemonte,45.0732745,7.680687483,3553,432,3985,6719,10704,419,1320,1319,13343,44121
916,07-04-2020,17:00:00,ITA,16,Puglia,41.12559576,16.86736689,615,93,708,1429,2137,70,168,209,2514,23149
917,07-04-2020,17:00:00,ITA,20,Sardegna,39.21531192,9.110616306,122,26,148,673,821,13,62,52,935,7680
918,07-04-2020,17:00:00,ITA,19,Sicilia,38.11569725,13.3623567,562,73,635,1224,1859,51,113,125,2097,24857
919,07-04-2020,17:00:00,ITA,9,Toscana,43.76923077,11.25588885,1087,263,1350,4077,5427,172,377,369,6173,56651
920,07-04-2020,17:00:00,ITA,4,P.A. Trento,46.06893511,11.12123097,360,78,438,1452,1890,128,342,244,2476,12030
921,07-04-2020,17:00:00,ITA,10,Umbria,43.10675841,12.38824698,157,41,198,648,846,10,368,49,1263,13274
922,07-04-2020,17:00:00,ITA,2,Valle d'Aosta,45.73750286,7.320149366,118,17,135,458,593,30,142,100,835,2754
923,07-04-2020,17:00:00,ITA,5,Veneto,45.43490485,12.33845213,1579,297,1876,8089,9965,337,1265,695,11925,153542
924,08-04-2020,17:00:00,ITA,13,Abruzzo,42.35122196,13.39843823,331,62,393,1141,1534,60,146,179,1859,15846
925,08-04-2020,17:00:00,ITA,17,Basilicata,40.63947052,15.80514834,48,17,65,205,270,6,13,14,297,3296
926,08-04-2020,17:00:00,ITA,4,P.A. Bolzano,46.49933453,11.35662422,268,65,333,948,1281,24,371,183,1835,18865
927,08-04-2020,17:00:00,ITA,18,Calabria,38.90597598,16.59440194,170,15,185,570,755,26,44,60,859,14977
928,08-04-2020,17:00:00,ITA,15,Campania,40.83956555,14.25084984,608,97,705,2154,2859,120,188,221,3268,27784
929,08-04-2020,17:00:00,ITA,8,Emilia-Romagna,44.49436681,11.3417208,3769,361,4130,8980,13110,409,2890,2234,18234,78367
930,08-04-2020,17:00:00,ITA,6,Friuli Venezia Giulia,45.6494354,13.76813649,162,41,203,1212,1415,65,634,169,2218,24798
931,08-04-2020,17:00:00,ITA,12,Lazio,41.89277044,12.48366722,1241,196,1437,2011,3448,117,574,244,4266,55113
932,08-04-2020,17:00:00,ITA,7,Liguria,44.41149315,8.9326992,1109,153,1262,1983,3245,149,1007,654,4906,17521
933,08-04-2020,17:00:00,ITA,3,Lombardia,45.46679409,9.190347404,11719,1257,12976,15569,28545,1089,15147,9722,53414,167557
934,08-04-2020,17:00:00,ITA,11,Marche,43.61675973,13.5188753,974,133,1107,2455,3562,149,645,652,4859,17532
935,08-04-2020,17:00:00,ITA,14,Molise,41.55774754,14.65916051,30,4,34,147,181,2,32,13,226,2002
936,08-04-2020,17:00:00,ITA,1,Piemonte,45.0732745,7.680687483,3493,423,3916,7073,10989,540,1516,1378,13883,48495
937,08-04-2020,17:00:00,ITA,16,Puglia,41.12559576,16.86736689,639,90,729,1509,2238,120,177,219,2634,24493
938,08-04-2020,17:00:00,ITA,20,Sardegna,39.21531192,9.110616306,112,31,143,697,840,40,76,59,975,8493
939,08-04-2020,17:00:00,ITA,19,Sicilia,38.11569725,13.3623567,563,65,628,1265,1893,62,133,133,2159,27438
940,08-04-2020,17:00:00,ITA,9,Toscana,43.76923077,11.25588885,1066,260,1326,4231,5557,206,430,392,6379,60985
941,08-04-2020,17:00:00,ITA,4,P.A. Trento,46.06893511,11.12123097,354,77,431,1509,1940,126,407,255,2602,13258
942,08-04-2020,17:00:00,ITA,10,Umbria,43.10675841,12.38824698,155,41,196,627,823,26,416,50,1289,14105
943,08-04-2020,17:00:00,ITA,2,Valle d'Aosta,45.73750286,7.320149366,120,20,140,466,606,15,142,102,850,2953
944,08-04-2020,17:00:00,ITA,5,Veneto,45.43490485,12.33845213,1554,285,1839,8332,10171,485,1503,736,12410,163247
